{
    "3d compatibility": "N",
    "<page title>": "223V5LHSB/00 - Philips V-line 223V5LHSB LED - Xpcpro.com",
    "ac power in": "Y",
    "aspect ratio": "16:9",
    "bluetooth": "N",
    "builtin camera": "N",
    "builtin speakers": "N",
    "cable lock slot": "Kensington",
    "card reader integrated": "N",
    "certification": "RoHS, BSMI, CE, FCC B, GOST, PSB, SASO, SEMKO, TCO, TUV/ISO9241-307, cETLus, WEEE",
    "colour": "N",
    "colour of product": "Black",
    "compatible memory cards": "N",
    "contrast ratio dynamic": "10000000:1",
    "contrast ratio typical": "1000:1",
    "depth": "50 mm",
    "depth with stand": "213 mm",
    "digital horizontal frequency": "30 - 83 kHz",
    "digital vertical frequency": "56 - 76 Hz",
    "dimensions w x d x h with stand": "503 x 213 x 376 mm",
    "display": "LED",
    "display brightness": "250 cd/m\u00b2",
    "display diagonal": "21.5 \"",
    "display diagonal metric": "54.6 cm",
    "display number of colours": "16.77 M",
    "display resolution": "1920 x 1080 pixels",
    "display srgb": "Y",
    "dvi port": "N",
    "effective viewing area": "476.64 x 268.11 mm",
    "energy efficiency class": "Unspecified",
    "energy star certified": "Y",
    "epeat compliance": "Silver",
    "ethernet lan": "N",
    "hd type": "Full HD",
    "hdcp": "Y",
    "hdmi ports quantity": "1",
    "height": "316 mm",
    "height adjustment": "N",
    "height with stand": "376 mm",
    "input frequency": "50/60 Hz",
    "input voltage": "100 - 240 V",
    "led indicators": "Y",
    "mac operating systems supported": "Y",
    "mean time between failures mtbf": "30000 h",
    "nonoperating altitude": "0 - 12192 m",
    "number of osd languages": "19",
    "on screen display osd": "Y",
    "on screen display osd languages": "CZE, DEU, DUT, ENG, ESP, FIN, FRE, HUN, ITA, JPN, KOR, POL, POR, SWE, TUR, UKR",
    "onoff switch": "Y",
    "operating altitude": "0 - 3658 m",
    "operating relative humidity hh": "20 - 80 %",
    "operating temperature tt": "0 - 40 \u00b0C",
    "package dimensions wxdxh": "555 x 107 x 414 mm",
    "package weight": "3870 g",
    "packaging depth": "107 mm",
    "packaging height": "414 mm",
    "packaging width": "555 mm",
    "pictureinpicture": "N",
    "pivot": "N",
    "pixel pitch": "0.248 x 0.248 mm",
    "plug and play": "Y",
    "power consumption off": "0.5 W",
    "power consumption standby": "0.5 W",
    "power consumption typical": "15.85 W",
    "power led": "Y",
    "response time": "5 ms",
    "separate hv sync": "Y",
    "standby led": "Y",
    "storage temperature tt": "-20 - 60 \u00b0C",
    "supported graphics resolutions": "1920 x 1080 HD 1080",
    "swivelling": "N",
    "syncongreen sog": "Y",
    "thin client installed": "N",
    "tilt adjustment": "Y",
    "tilt angle": "-5 - 20 \u00b0",
    "tv tuner integrated": "N",
    "vesa mounting interfaces compatibility": "100 x 100 mm",
    "vga dsub ports quantity": "1",
    "viewable size diagonal": "546 mm",
    "viewable size horizontal": "476.64 mm",
    "viewable size vertical": "268.11 mm",
    "viewing angle horizontal": "170 \u00b0",
    "viewing angle vertical": "160 \u00b0",
    "wall mountable": "Y",
    "weight": "2350 g",
    "weight with stand": "2610 g",
    "width": "503 mm",
    "width with stand": "503 mm",
    "wifi": "N",
    "windows operating systems supported": "Windows 7 Home Basic, Windows 7 Home Basic x64, Windows 7 Home Premium, Windows 7 Home Premium x64, Windows 7 Professional, Windows 7 Professional x64, Windows 7 Starter, Windows 7 Starter x64, Windows 7 Ultimate, Windows 7 Ultimate x64, Windows 8, Windows 8 Enterprise, Windows 8 Enterprise x64, Windows 8 Pro, Windows 8 Pro x64, Windows 8 x64"
}