{
    "3d compatibility": "N",
    "<page title>": "VA2349S - ViewSonic VA2349s  LED monitor 23\" 1920 - Xpcpro.com",
    "ac power in": "Y",
    "builtin camera": "N",
    "cable lock slot": "Kensington",
    "colour of product": "Black",
    "composite video in": "1",
    "contrast ratio dynamic": "20000000:1",
    "contrast ratio typical": "1000:1",
    "depth": "395.1 mm",
    "digital horizontal frequency": "24 - 82 kHz",
    "digital vertical frequency": "50 - 75 Hz",
    "display": "LCD",
    "display brightness": "250 cd/m\u00b2",
    "display diagonal": "23 \"",
    "display resolution": "1920 x 1080 pixels",
    "display technology": "LCD",
    "dvi port": "Y",
    "dvid ports quantity": "1",
    "energy efficiency class": "Unspecified",
    "energy star certified": "Y",
    "epeat compliance": "Silver",
    "glossy display": "Y",
    "hd type": "Full HD",
    "hdcp": "N",
    "height": "213.5 mm",
    "input frequency": "50/60 Hz",
    "input voltage": "100 - 240 V",
    "mac operating systems supported": "Y",
    "operating relative humidity range": "10 - 90 %",
    "operating temperature range tt": "0 - 40 \u00b0C",
    "power consumption typical": "22 W",
    "quick start guide": "Y",
    "response time": "5 ms",
    "supported graphics resolutions": "1920 x 1080 HD 1080",
    "supported video modes": "1080p",
    "thin client installed": "N",
    "tv tuner integrated": "N",
    "vesa mounting interfaces compatibility": "100 x 100 mm",
    "vga dsub ports quantity": "1",
    "viewing angle horizontal": "178 \u00b0",
    "viewing angle vertical": "178 \u00b0",
    "wall mountable": "Y",
    "weight": "4000 g",
    "width": "548.4 mm",
    "windows operating systems supported": "Y"
}