{
    "<page title>": "60003582 - NEC MultiSync E171M LED monitor 17\" - Xpcpro.com",
    "ac adapter included": "Y",
    "aspect ratio": "5:4",
    "backlight type": "W-LED",
    "builtin camera": "N",
    "builtin speakers": "N",
    "cables included": "VGA",
    "colour of product": "Black",
    "contrast ratio typical": "1000:1",
    "depth": "61 mm",
    "depth with stand": "230 mm",
    "digital horizontal frequency": "31.5 - 81.1 kHz",
    "digital vertical frequency": "56 - 76 Hz",
    "display": "LED",
    "display brightness": "250 cd/m\u00b2",
    "display diagonal": "17 \"",
    "display number of colours": "16.77 M",
    "display resolution": "1280 x 1024 pixels",
    "display technology": "TN",
    "dvi port": "Y",
    "dvid ports quantity": "1",
    "energy efficiency class": "Unspecified",
    "energy star certified": "Y",
    "epeat compliance": "Silver",
    "hd type": "N",
    "hdcp": "Y",
    "height": "320.5 mm",
    "height adjustment": "Y",
    "height with stand": "408.5 mm",
    "input voltage": "100 - 240 V",
    "manual": "Y",
    "operating relative humidity hh": "20 - 80 %",
    "operating temperature tt": "5 - 35 \u00b0C",
    "pixel pitch": "0.26 x 0.26 mm",
    "power consumption max": "19 W",
    "power consumption powersave": "9 W",
    "power consumption standby": "0.4 W",
    "power consumption typical": "12 W",
    "quick start guide": "Y",
    "response time": "5 ms",
    "storage relative humidity hh": "10 - 85 %",
    "storage temperature tt": "-10 - 60 \u00b0C",
    "supported graphics resolutions": "1280 x 1024 SXGA",
    "thin client installed": "N",
    "tv tuner integrated": "N",
    "vesa mounting interfaces compatibility": "100 x 100 mm",
    "vga dsub ports quantity": "1",
    "viewing angle horizontal": "170 \u00b0",
    "viewing angle vertical": "170 \u00b0",
    "wall mountable": "Y",
    "weight": "3000 g",
    "weight with stand": "4200 g",
    "width": "368 mm",
    "width with stand": "368 mm"
}