{
    "3d compatibility": "N",
    "<page title>": "60003335 - NEC MultiSync E223W LED monitor 22\" - Xpcpro.com",
    "ac power in": "Y",
    "aspect ratio": "16:10",
    "backlight type": "W-LED",
    "bluetooth": "N",
    "builtin camera": "N",
    "builtin speakers": "N",
    "cable lock slot": "Kensington",
    "cables included": "AC, DVI, VGA",
    "certification": "TCO 5.2",
    "colour of product": "White",
    "contrast ratio dynamic": "25000:1",
    "contrast ratio typical": "1000:1",
    "depth": "218 mm",
    "display": "LED",
    "display brightness": "250 cd/m\u00b2",
    "display diagonal": "22 \"",
    "display diagonal metric": "55.87 cm",
    "display number of colours": "16.77 M",
    "display resolution": "1680 x 1050 pixels",
    "display srgb": "Y",
    "display technology": "TNFilm",
    "displayports quantity": "1",
    "dvid ports quantity": "1",
    "energy efficiency class": "Unspecified",
    "energy star certified": "Y",
    "epeat compliance": "Silver",
    "ethernet lan": "N",
    "hd type": "N",
    "hdcp": "Y",
    "height": "384 mm",
    "height adjustment": "Y",
    "horizontal scan range": "31.5 - 82.3 kHz",
    "input frequency": "50/60 Hz",
    "input voltage": "100 - 240 V",
    "led indicators": "Y",
    "linux operating systems supported": "Y",
    "manual": "Y",
    "on screen display osd": "Y",
    "onoff switch": "Y",
    "operating relative humidity hh": "20 - 80 %",
    "operating temperature tt": "5 - 35 \u00b0C",
    "pivot": "Y",
    "pivot angle": "0 - 90 \u00b0",
    "pixel pitch": "0.282 x 0.282 mm",
    "plug and play": "Y",
    "power consumption max": "25 W",
    "power consumption powersave": "12 W",
    "power consumption standby": "0.4 W",
    "power led": "Y",
    "quick start guide": "Y",
    "response time": "5 ms",
    "standby led": "Y",
    "supported graphics resolutions": "1280 x 960, 1366 x 768, 1024 x 768 XGA, 1280 x 1024 SXGA, 1280 x 720 HD 720, 1280 x 768 WXGA, 1360 x 768 WXGA, 1400 x 1050 SXGA, 1440 x 900 WXGA, 1600 x 1200 UXGA, 1680 x 1050 WSXGA, 640 x 480 VGA, 800 x 600 SVGA",
    "swivel angle range": "-170 - 170 \u00b0",
    "swivelling": "Y",
    "thin client installed": "N",
    "tilt adjustment": "Y",
    "tilt angle": "-5 - 30 \u00b0",
    "tv tuner integrated": "N",
    "vertical scan range": "56 - 75 Hz",
    "vesa mounting interfaces compatibility": "100 x 100 mm",
    "vga dsub ports quantity": "1",
    "viewing angle horizontal": "170 \u00b0",
    "viewing angle vertical": "160 \u00b0",
    "wall mountable": "Y",
    "weight": "5600 g",
    "width": "503.5 mm",
    "wifi": "N",
    "windows operating systems supported": "Y"
}