{
    "<page title>": "60002937 - NEC MultiSync EX231W - LCD  - WLED 23\" - Xpcpro.com",
    "aspect ratio": "16:9",
    "bezel width side": "14 mm",
    "builtin speakers": "No",
    "cable lock slot": "Kensington",
    "cables included": "Power Cable, USB Cable, Signal Cable: DVI-A - VGA, DVI-D - DVI-D",
    "camera included": "No",
    "certification": "EPEAT\u2122 Gold; CE; ErP; TCO 5.0; T\u00dcV Ergonomics; T\u00dcV GS; GEEA/Energy Label; Energy Star 5.0; FCC Class B; PCT/Gost; UL/C-UL or CSA; CCC; ISO 9241-307 (pixel failure class I); MPR II/ MPR III",
    "colour of product": "White",
    "compatible with vesawall mounting system": "100 x 100 mm",
    "contrast ratio dynamic": "25000:1",
    "contrast ratio typical": "1000:1",
    "depth": "47.7 mm",
    "depth with stand": "215 mm",
    "digital horizontal frequency": "31.5 - 82.3 kHz",
    "digital vertical frequency": "56 - 75 Hz",
    "dimensions w x d x h": "540.2 x 47.7 x 318.3 mm",
    "dimensions w x d x h with stand": "540.2 x 215 x 401.3 mm",
    "display": "TN+Film",
    "display brightness": "250 cd/m\u00b2",
    "display diagonal": "58.4 cm (23 \")",
    "display number of colours": "16.77 M",
    "display resolution": "1920 x 1080 pixels",
    "displayports quantity": "1",
    "dvii ports quantity": "1",
    "full hd": "Yes",
    "height": "318.3 mm",
    "height adjustment": "110 mm",
    "height with stand": "401.3 mm",
    "led backlight": "Yes",
    "manual": "Yes",
    "operating relative humidity range": "20 - 80 %",
    "operating temperature range tt": "5 - 35 \u00b0C",
    "pixel pitch": "0.265 mm",
    "plug and play": "Yes",
    "power consumption": "32 W",
    "power consumption economy mode": "16 W",
    "power consumption standby": "0.38 W",
    "power requirements": "100-120 V/220-240 V; 0.6 A/0.35 A",
    "response time": "5 ms",
    "storage relative humidity range": "10 - 84 %",
    "storage temperature range tt": "-10 - 60 \u00b0C",
    "supported video modes": "1920 x 1080; 1680 x 1050; 1440 x 900; 1400 x 1050; 1360 x 768; 1280 x 1024; 1152 x 864; 1024 x 768; 800 x 600; 720 x 400; 640 x 480",
    "swivel": "-170 - 170 \u00b0",
    "tilt angle": "-5 - 30 \u00b0",
    "usb 20 ports quantity": "1",
    "viewing angle horizontal": "176 \u00b0",
    "viewing angle vertical": "170 \u00b0",
    "weight": "2800 g",
    "weight with stand": "4100 g",
    "width": "540.2 mm",
    "width with stand": "540.2 mm",
    "windows operating systems supported": "Windows 7"
}