{
    "3d compatibility": "No",
    "<page title>": "AOC E960SRDA LED display - MrHighTech Shop",
    "ac power in": "Yes",
    "aspect ratio": "5:4",
    "bluetooth": "No",
    "builtin camera": [
        "No",
        "No"
    ],
    "builtin microphone": [
        "No",
        "No"
    ],
    "builtin speakers": [
        "Yes",
        "Yes"
    ],
    "cable lock slot": [
        "Kensington",
        "Kensington"
    ],
    "card reader integrated": [
        "No",
        "No"
    ],
    "certification": "CE, cTUVus, EuP, FCC, ISO 9241-307, GOST, RoHS, TCO 5.0, T\u00dcV-GS",
    "colour of product": [
        "Black",
        "Black"
    ],
    "compatible memory cards": [
        "No",
        "No"
    ],
    "contrast ratio dynamic": "20000000:1",
    "contrast ratio typical": "1000:1",
    "depth": "210 mm",
    "digital horizontal frequency": "30 - 80 kHz",
    "digital vertical frequency": "50 - 76 Hz",
    "display": "LED",
    "display brightness": "250 cd/m\u00b2",
    "display diagonal": "482.6 mm (19 \")",
    "display diagonal metric": "48.3 cm",
    "display number of colours": "16.77 M",
    "display resolution": "1280 x 1024 pixels",
    "dvid ports quantity": "1",
    "energy efficiency class": "Unspecified",
    "energy star certified": "Yes",
    "epeat compliance": "Silver",
    "ethernet lan": "No",
    "hdcp": "No",
    "height": "405.1 mm",
    "height adjustment": "No",
    "input voltage": "90 - 240 V",
    "microphone in": "No",
    "number of loudspeakers": [
        "1",
        "1"
    ],
    "on screen display osd": [
        "Yes",
        "Yes"
    ],
    "onoff switch": [
        "Yes",
        "Yes"
    ],
    "pivot": "No",
    "pixel pitch": "0.294 x 0.294 mm",
    "plug and play": [
        "Yes",
        "Yes"
    ],
    "power consumption off": "0.5 W",
    "power consumption standby": "0.5 W",
    "power consumption typical": "22 W",
    "response time": "5 ms",
    "source datasheet": [
        ".",
        "."
    ],
    "supported graphics resolutions": "1280 x 1024 (SXGA)",
    "swivelling": "No",
    "thin client installed": "No",
    "tilt adjustment": "Yes",
    "tilt angle": "-5 - 15 \u00b0",
    "tv tuner integrated": "No",
    "vesa mounting interfaces compatibility": "100 x 100 mm",
    "vga dsub ports quantity": "1",
    "video dot rate": [
        "140 MHz",
        "140 MHz"
    ],
    "viewable size horizontal": "376 mm",
    "viewable size vertical": "301 mm",
    "viewing angle horizontal": "170 \u00b0",
    "viewing angle vertical": "160 \u00b0",
    "wall mountable": "Yes",
    "weight": "2.85 kg",
    "weight with stand": "4.2 kg",
    "width": "409.2 mm",
    "wifi": "No"
}