{
    "<page title>": "Cleverboxes - 60003334 | NEC Displays MultiSync E223W (22 inch) LED Backlit LCD Monitor 1000:1 250cd/m2 1680x1050 5ms DisplayPort/DVI-D (Black)",
    "aspect ratio": "16:10",
    "backlight": "W-LED",
    "barcode": "5028695109568",
    "brightness": "250cd/m2",
    "case colour": "Black",
    "contrast ratio": "1,000:1 (Static) , 25,000:1 (Dynamic)",
    "digital in": "1 x DVI-D (with HDCP)",
    "dimensions": "50.35cm (W) x 21.39cm (D) x 38.33cm (H) - Weight 5.60kg",
    "displayport in": "1 x DisplayPort",
    "environmental": "Operating Temperature 5 to 35\u00b0C - Humidity 20 to 80%",
    "height adjustable": "Yes",
    "model name": "E223W",
    "pixel pitch": "0.282mm",
    "plug and play": "VESA DDC/CI; DDC2B/2Bi",
    "power consumption": "24W (Max) / 0.35W (Standby)",
    "power supply": "Internal",
    "product family": "MultiSync",
    "product type": "Monitor",
    "resolution native": "1680 x 1050 Pixels WSXGA+",
    "response time": "5ms",
    "scan frequency horizontal": "31.5KHz to 82.3KHz",
    "scan frequency vertical": "56Hz to 75Hz",
    "screen dimensions": "22in (Diagonal)",
    "screen type": "TN TFT 16.7 Million Colour",
    "security locking mechanics": "Kensington Security Slot",
    "swivel": "\u00b145\u00b0",
    "tilt forwardbackward": "-5 to +20\u00b0",
    "vga in": "1 x Mini 15-pin D-sub",
    "view angle": "178\u00b0 (Horizontal - Max) x 178\u00b0 (Vertical - Max)",
    "voltagefrequency": "100 to 240VAC",
    "wall mount": "Yes , VESA Compliant - 100mm x 100mm",
    "warranty": "3 Years Including Backlight"
}