{
    "<page title>": "Cleverboxes - 858-10274 | Dell E-Series E2014H (20 inch) LED Backlit LCD Monitor 1000:1 250cd/m2 1600x900 5ms DVI-D/VGA",
    "antiglare  antistatic": "Anti-Glare \u2022 Hard Coating 3H",
    "aspect ratio": "16:9",
    "backlight": "LED",
    "brightness": "250cd/m2",
    "contrast ratio": "1,000:1 (Static)",
    "digital in": "1 x DVI-D (with HDCP)",
    "dimensions": "47.39cm (W) x 16.55cm (D) x 35.88cm (H) - Weight 2.41kg",
    "environmental": "Operating Temperature 0 to 40\u00b0C - Humidity 10 to 80%",
    "in the box": "Monitor \u2022 Stand Riser \u2022 Stand Base \u2022 VESA Screw Cover \u2022 Power Cable \u2022 VGA Cable \u2022 DVI Cable \u2022 Drivers and documentation media \u2022 Quick setup guide \u2022 Product information guide",
    "model name": "E2014H",
    "pixel pitch": "0.27mm",
    "power consumption": "14W (Max) / 0.5W (Standby)",
    "product family": "E-Series",
    "product type": "Monitor",
    "resolution native": "1600 x 900 Pixels",
    "response time": "5ms",
    "screen dimensions": "20in Viewable screen size - 19.5in Display Area - 43.2 x 23.98cm",
    "screen type": "Widescreen TN (Twisted Nematic) 16.7 Million Colour",
    "vga in": "1 x 15-pin D-sub",
    "view angle": "170\u00b0 (Horizontal - Max) x 160\u00b0 (Vertical - Max)",
    "voltagefrequency": "100 to 240VAC / 50 to 60Hz",
    "wall mount": "Yes , VESA Compliant - 100mm x 100mm"
}