{
    "<page title>": "Cleverboxes - 223V5LHSB/00 | Philips 223V5LHSB/00 (21.5 inch) LCD Monitor with LED Backlight 1920x1080 (Black)",
    "aspect ratio": "16:9",
    "backlight": "LED",
    "brightness": "250cd/m2",
    "case colour": "Black",
    "contrast ratio": "1,000:1 (Static) , 10,000,000:1 (Dynamic)",
    "description": "An HDMI-ready device has all the required hardware to accept High-Definition Multimedia Interface (HDMI) input, high quality digital video and audio signals all transmitted over a single cable from a PC or any number of AV sources including set-top boxes, DVD players and A/V receivers and video cameras. Philips monitors with LED backlighting are free of Mercury content, one of the most toxic natural substances, which affects humans and animals. This allows for an eco-friendly display throughout its life-cycle, from manufacturing to disposal. White LED's are solid state devices which light up to full, consistent brightness faster saving startup time. LED's are free from mercury content, which allows for eco-friendly recycling and disposal process. LED's allow for better dimming control of the LCD backlight, resulting in a super high contrast ratio. It also gives superior colour reproduction thanks to consistent brightness across the screen.",
    "dimensions": "50.3cm (W) x 21.3cm (D) x 37.6cm (H)",
    "hdmi ports": "1 x HDMI",
    "pixel pitch": "0.248 x 0.248mm",
    "power consumption": "16W (Max) / 0.5W (Standby)",
    "product type": "Monitor",
    "response time": "5ms",
    "scan frequency horizontal": "30KHz to 83KHz",
    "scan frequency vertical": "56Hz to 76Hz",
    "screen dimensions": "21.5in (Diagonal)",
    "screen type": "TFT LCD 16.7 Million Colour",
    "synch input": "Separate sync, Sync on green",
    "tilt forwardbackward": "-5 to +20\u00b0",
    "vga in": "1 x 15-pin D-Sub",
    "view angle": "170\u00b0 (Horizontal - Max) x 160\u00b0 (Vertical - Max)",
    "voltagefrequency": "100 to 240VAC / 50 to 60Hz"
}