{
    "<page title>": "Cleverboxes - HE225DPB | Hannspree HannsG HE225DPB (21.5 inch)  LED Monitor 1000:1 250cd/m2 1920 x 1080 5ms VGA DVI (Black)",
    "aspect ratio": "16:9",
    "audio line in ports": "1 x 3.5mm PC audio input",
    "brightness": "250cd/m2",
    "case colour": "Black",
    "certifications": "FCC \u2022 UL/CUL \u2022 CE \u2022 CB \u2022 GOST \u2022 3C \u2022 China energy level 1 EnergyStar 5.0",
    "contrast ratio": "1,000:1 (Static)",
    "digital in": "1 x DVI-D",
    "dimensions": "51.28cm (W) x 18.5cm (D) x 36.74cm (H) - Weight 3.95kg",
    "environmental": "Operating Temperature 5 to 35\u00b0C - Humidity 20 to 85%",
    "in the box": "HannsG HE225DPB (21.5 inch) LED Monitor \u2022 Power Cable (1.5m) \u2022 VGA Cable (1.5m) \u2022 Audio Cable (1.5m) \u2022 User Manual (CD) \u2022 Quick Start Guide (Paper) & Warranty",
    "model name": "HE225DPB",
    "pixel pitch": "0.248 x 0.248mm",
    "power consumption": "24W (Max) /",
    "product type": "Display",
    "resolution native": "1920 x 1080 Pixels",
    "response time": "5ms",
    "scan frequency horizontal": "30KHz to 83KHz (Digital)",
    "scan frequency vertical": "56Hz to 75Hz (Digital)",
    "screen dimensions": "21.5in",
    "screen type": "LED",
    "vga in": "1 x 15-pin D-Sub",
    "view angle": "170\u00b0 (Horizontal - Max) x 160\u00b0 (Vertical - Max)",
    "voltagefrequency": "100 to 240VAC / 50 to 60Hz",
    "wall mount": "Yes , VESA Compliant - 100mm x 100mm"
}