{
    "<page title>": "Cleverboxes - B5M13AT#ABU | HP W2072a (20 inch) LED Backlit LCD Monitor 600:1 200cd/m2 1600x900 5ms DVI-D",
    "antiglare  antistatic": "Anti-glare",
    "aspect ratio": "16:9",
    "backlight": "LED",
    "barcode": "0887758419410",
    "brightness": "200cd/m2",
    "case colour": "Black",
    "contrast ratio": "600:1 (Static) , 3,000,000:1 (Dynamic)",
    "digital in": "1 x DVI-D",
    "dimensions": "47.73cm (W) x 17.0cm (D) x 35.66cm (H) - Weight 3.50kg",
    "environmental": "Operating Temperature 5 to 35\u00b0C - Humidity 20 to 80%",
    "model name": "W2072a",
    "pixel pitch": "0.2768mm",
    "plug and play": "Yes",
    "power consumption": "26W (Max)",
    "product type": "Display",
    "resolution native": "1600 x 900 Pixels",
    "response time": "5ms",
    "screen dimensions": "20in",
    "screen type": "LCD Widescreen",
    "security locking mechanics": "Security Lock Ready",
    "tilt forwardbackward": "-5 to +19\u00b0",
    "user programmable modes": "Yes",
    "vga in": "1 x 15-pin D-sub",
    "view angle": "90\u00b0 (Horizontal - Max) x 50\u00b0 (Vertical - Max)",
    "warranty": "1-year limited warranty including 1 year of parts and labour. Certain restrictions and exclusions apply."
}