{
    "<page title>": "Cleverboxes - 857-10595 | Dell Professional P1913 (19 inch) LED Monitor 1000:1 250cd/m2 1440x900 5ms DisplayPort (Black) UK",
    "antiglare  antistatic": "Anti-Glare \u2022 Hard Coating 3H",
    "aspect ratio": "16:10",
    "backlight": "LED",
    "barcode": "5397063171187",
    "brightness": "250cd/m2",
    "case colour": "Black",
    "certifications": "ENERGY STAR 6.0, EPEAT Gold, TCO Certified Displays",
    "contrast ratio": "1,000:1 (Static) , 2,000,000:1 (Dynamic)",
    "dc power": "1 x DC in",
    "digital in": "1 x DVI-D (with HDCP)",
    "dimensions": "44.38cm (W) x 18.33cm (D) x 35.69cm (H) - Weight 2.52kg",
    "displayport in": "1 x DisplayPort 1.2",
    "environmental": "Operating Temperature 0 to 40\u00b0C - Humidity 10 to 80%",
    "height adjustable": "Yes",
    "in the box": "Monitor with stand \u2022 Power cable \u2022 USB cable \u2022 VGA cable \u2022 Drivers and documentation media \u2022 Quick setup guide \u2022 Safety information \u2022 DVI-D cable",
    "model name": "P1913",
    "pivot": "Yes",
    "pixel pitch": "0.284mm",
    "power consumption": "17W (Max) / 0.3W (Standby)",
    "product family": "Professional",
    "product type": "Display",
    "resolution native": "1440 x 900 Pixels",
    "response time": "5ms",
    "screen dimensions": "19in",
    "screen type": "Widescreen TN (Twisted Nematic) 16.7 Million Colour",
    "usb ports": "1 x USB 2.0 (Upstream) \u2022 2 x USB 2.0 (Downstream)",
    "vga in": "1 x 15-pin D-Sub",
    "view angle": "170\u00b0 (Horizontal - Max) x 160\u00b0 (Vertical - Max)",
    "voltagefrequency": "100 to 240VAC / 50 to 60Hz",
    "wall mount": "Yes , VESA 100 x 100mm"
}