{
    "<page title>": "Cleverboxes - E960SRDA | AOC e960Srda 19 inch LED Monitor 1000:1 250cd/m2 1280x1024 5ms DVI (Black)",
    "aspect ratio": "5:4",
    "barcode": "4038986191845",
    "brightness": "250cd/m2",
    "case colour": "Black",
    "contrast ratio": "1,000:1 (Static) , 20,000,000:1 (Dynamic)",
    "digital in": "1 x DVI-D",
    "dimensions": "40.92cm (W) x 21cm (D) x 40.51cm (H) - Weight 4.2kg",
    "model name": "e950Srda",
    "pixel pitch": "0.294 x 0.294mm",
    "power consumption": "23W (Max) /",
    "product type": "Display",
    "resolution maximum": "1280 x 1024 Pixels SXGA",
    "response time": "5ms",
    "scan frequency horizontal": "30KHz (Analogue) 80KHz",
    "scan frequency vertical": "50Hz to 76Hz",
    "screen dimensions": "19in Display Area - 37.6 x 30.1cm",
    "screen type": "16.7 Million Colour",
    "security locking mechanics": "Kensington Security Port",
    "speakers": "Yes",
    "tilt forwardbackward": "-5 to +15\u00b0",
    "vga in": "1 x 15-pin D-sub",
    "view angle": "170\u00b0 (Horizontal - Max) x 160\u00b0 (Vertical - Max)",
    "voltagefrequency": "90 to 240VAC / 50 to 60Hz",
    "wall mount": "Yes , VESA Compliant - 100mm x 100mm",
    "warranty": "3 Years"
}