{
    "<page title>": "Cleverboxes - VW22AT | Asus VW22AT (22 inch) LED Monitor 50000000:1 250cd/m2 1680 x 1050 5ms VGA DVI (Black)",
    "audio line in ports": "1 x 3.5mm Mini-Jack",
    "barcode": "4716659092056",
    "brightness": "250cd/m2",
    "case colour": "Black",
    "certifications": "Energy Star \u2022 BSMI \u2022 CB \u2022 CCC \u2022 CE \u2022 C-Tick \u2022 ErP \u2022 FCC \u2022 Gost-R \u2022 J-MOSS \u2022 RoHS \u2022 TCO5.2 \u2022 TUV-Ergo \u2022 TUV-GS \u2022 UL/cUL \u2022 VCCI \u2022 WEEE \u2022 WHQL (Windows 8, Windows 7)",
    "contrast ratio": "50,000,000:1 (Dynamic)",
    "digital in": "1 x DVI-D",
    "dimensions": "51.395cm (W) x 6.334cm (D) x 34.079cm (H) - Weight 3.9kg",
    "in the box": "Asus VW22AT (22 inch) LED Monitor \u2022 DVI cable \u2022 VGA cable \u2022 Audio cable \u2022 Power cord \u2022 Quick start guide \u2022 Warranty Card",
    "model name": "VW22AT",
    "pixel pitch": "0.282mm",
    "product type": "Display",
    "resolution native": "1680 x 1050 Pixels",
    "response time": "5ms",
    "scan frequency horizontal": "31KHz to 83KHz (Digital) 31KHz to 83KHz (Analogue)",
    "scan frequency vertical": "56Hz to 76Hz (Digital) 56Hz to 76Hz (Analogue)",
    "screen dimensions": "22in",
    "screen type": "LED 16.7 million Colour",
    "security locking mechanics": "Kensington Lock",
    "speakers": "2 x 1.0W",
    "tilt forwardbackward": "+20\u00b0 to -5\u00b0",
    "vga in": "1 x 15-pin D-Sub",
    "view angle": "170\u00b0 (Horizontal - Max) x 160\u00b0 (Vertical - Max)",
    "voltagefrequency": "100 to 240VAC / 50 to 60Hz",
    "wall mount": "Yes , VESA 100 x 100mm",
    "warranty": "3-year system warranty \u2022 3-year panel warranty"
}