{
    "<page title>": "Cleverboxes - VS278Q | Asus VS278Q (27 inch) LED Backlight LCD Monitor 80000000:1 300 cd/m2 1920 x 1080 1ms VGA DVI HDMI DisplayPort (Black)",
    "aspect ratio": "16:9",
    "backlight": "LED",
    "brightness": "300cd/m2",
    "case colour": "Black",
    "certifications": "Energy Star \u2022 UL/cUL \u2022 CB \u2022 CE \u2022 ErP \u2022 FCC \u2022 CCC \u2022 BSMI \u2022 Gost-R \u2022 C-Tick \u2022 VCCI \u2022 PSB \u2022 RoHS \u2022 WEEE \u2022 Windows 7 WHQL",
    "description": "VS278Q comes with rich connectivity including Dual HDMI, DisplayPort, and D-sub so that users could easily connect it to Full HD Blu-ray Disc players and myriad HD playback devices like DVD players and set-top boxes for limitless entertainment and multimedia enjoyment with the built-in stereo speakers. The exclusive Splendid Video Intelligence Technology optimizes video performance and image fidelity by enhancing colour, brightness, contrast, and sharpness. 6 preset video modes (Scenery, Theater, Game, Night View, sRGB and Standard) can be selected via a hotkey. The ASUS-exclusive QuickFit built in the monitor provides real-size document, photo, and grid mode on top of the operating windows on the screen. It can activated via a hotkey on monitor and used as a guide to accurately view and edit photos.",
    "dimensions": "64.88cm (W) x 22.5cm (D) x 47.01cm (H) - Weight 7.2kg",
    "display type": "LED Backlight",
    "displayport in": "1 x DisplayPort",
    "hd support": "Yes",
    "hdmi ports": "2 x HDMI",
    "in the box": "Asus VS278Q (27 inch) LED Backlight LCD Monitor \u2022 VGA cable \u2022 Audio cable \u2022 Power cord \u2022 Quick start guide \u2022 HDMI-to-DVI cable",
    "model name": "VS278Q",
    "pixel pitch": "0.311mm",
    "product type": "Display",
    "resolution native": "1920 x 1080 Pixels",
    "response time": "1ms",
    "scan frequency horizontal": "30KHz to 83KHz (Digital) 30KHz to 83KHz (Analogue)",
    "scan frequency vertical": "50Hz to 76Hz (Digital) 50Hz to 76Hz (Analogue)",
    "screen dimensions": "27in",
    "screen type": "LED Backlight LCD 16.7 Million Colour",
    "security locking mechanics": "Kensington Lock",
    "speakers": "2 x 2.0W Integrated",
    "tilt forwardbackward": "+20\u00b0 to -5\u00b0",
    "user controls": "SPLENDID Video Preset Mode Selection \u2022 Auto. Adjustment \u2022 Brightness Adjustment \u2022 Volume Adjustment \u2022 Input Selection",
    "vga in": "1 x 15-pin D-sub",
    "view angle": "170\u00b0 (Horizontal - Max) x 160\u00b0 (Vertical - Max)",
    "voltagefrequency": "100 to 240VAC / 50 to 60Hz",
    "wall mount": "Yes , Supported - 100mm x 100mm",
    "warranty": "3-year system warranty \u2022 3-year panel warranty"
}