{
    "<page title>": "Cleverboxes - T48MNEU | Lenovo ThinkVision LT1952p (19 inch) LED Backlit LCD Monitor 1000:1 250cd/m2 1440x900 5ms D-Sub/DVI-D/DisplayPort (Black)",
    "aspect ratio": "16:10",
    "backlight": "W-LED System",
    "brightness": "250cd/m2",
    "case colour": "Business Black",
    "certifications": "TCO Edge 1.1 \u2022 EPEAT Gold \u2022 UL Environment SPC Gold \u2022 Energy Star Rating 5 \u2022 Mercury free",
    "contrast ratio": "1,000:1 (Static)",
    "digital in": "1 x DVI-D",
    "dimensions": "44.09cm (W) x 17.13cm (D) x 39.77cm (H) - Weight 4.3kg",
    "display type": "LCD Display",
    "displayport in": "1 x DisplayPort",
    "environmental": "Operating Temperature 0 to 40\u00b0C - Humidity 10 to 80%",
    "factory presets": "22",
    "language selection": "8 OSD Languages",
    "pixel pitch": "0.2835mm",
    "plug and play": "DDC/CI",
    "power management features": "Energy Star",
    "power supply": "Internal",
    "resolution native": "1440 x 900 Pixels WXGA+",
    "response time": "5ms",
    "screen dimensions": "19in Display Area - 40.8 x 25.5cm",
    "screen type": "Wide TFT LCD 16.7 Million Colour",
    "security locking mechanics": "Kensington Lock Slot",
    "swivel": "360\u00b0",
    "tilt forwardbackward": "Up 20\u00b0, Down 3\u00b0",
    "user controls": "Brightness, Contrast, Vertical position, Horizontal Position, Image Setup (Auto, Manual), Colour, Scaling",
    "user programmable modes": "22",
    "vga in": "1 x 15-pin D-sub",
    "view angle": "170\u00b0 (Horizontal - Max) x 160\u00b0 (Vertical - Max)",
    "voltagefrequency": "90 to 264VAC / 47 to 63Hz",
    "wall mount": "Yes , VESA Compliant",
    "warranty": "Three years."
}