{
    "3d type": "3D Ready",
    "<page title>": "VG278HE, 2516443, ASUSTeK COMPUTER, LCD Monitor, IML Direct Italy",
    "adjustable display angle": "Yes",
    "adjustable display height": "Yes",
    "aspect ratio": "16:9",
    "brand name": "Asus",
    "brightness": "300 cd/m\u00b2",
    "builtin devices": "Speaker",
    "colour": "Black",
    "colour support": "16.7 Million Colours",
    "contrast ratio": "50,000,000:1",
    "depth": "59.5 mm",
    "depth with stand": "249.70 mm",
    "dvi": "Yes",
    "features": [
        "LightBoost Technology",
        "Security Lock",
        "Splendid Video Intelligence Technology",
        "Trace Free Technology"
    ],
    "hdcp supported": "Yes",
    "hdmi": "Yes",
    "headphone": "Yes",
    "height": "385.6 mm",
    "height with stand": "437.80 mm",
    "horizontal viewing angle": "170\u00b0",
    "manufacturer": "ASUS Computer International",
    "manufacturer part number": "VG278HE",
    "maximum resolution": "1920 x 1080",
    "mount type": "Wall Mountable",
    "number of screens": "1",
    "number of speakers": "2",
    "offmode power consumption": "1 W",
    "operating power consumption": "65 W",
    "platform supported": "PC",
    "product model": "VG278HE",
    "product name": "VG278HE Widescreen LCD Monitor",
    "product series": "VG",
    "product type": "LCD Monitor",
    "response time": "2 ms",
    "screen mode": "Full HD",
    "screen size": "68.6 cm (27\")",
    "speakers": "Yes",
    "standby power consumption": "1 W",
    "vertical viewing angle": "160\u00b0",
    "vesa mount compatible": "Yes",
    "vesa mount standard": "100 x 100",
    "vga": "Yes",
    "weight approximate": "8 kg",
    "width": "643 mm",
    "width with stand": "643 mm"
}