{
    "<page title>": "271P4QPJKEB/00, Philips, LCD Monitor, IML Direct Italy",
    "adjustable display angle": "Yes",
    "adjustable display height": "Yes",
    "adjustable display pivot": "Yes",
    "aspect ratio": "16:9",
    "backlight technology": "LED",
    "brand name": "Philips",
    "brightness": "300 cd/m\u00b2",
    "builtin devices": [
        "Speaker",
        "USB Hub"
    ],
    "colour support": "16.7 Million Colours",
    "contrast ratio": "5,000:1",
    "displayport": "Yes",
    "dvi": "Yes",
    "features": [
        "SmartErgoBase",
        "Security Lock",
        "SmartImage",
        "PowerSensor"
    ],
    "green compliance certificateauthority": [
        "ENERGY STAR",
        "TCO Certified Edge"
    ],
    "green compliant": "Yes",
    "hdcp supported": "Yes",
    "hdmi": "Yes",
    "headphone": "Yes",
    "horizontal viewing angle": "178\u00b0",
    "input voltage": [
        "220 V AC",
        "110 V AC"
    ],
    "manufacturer": "Philips Electronics",
    "manufacturer part number": "271P4QPJKEB/00",
    "maximum resolution": "1920 x 1080",
    "number of screens": "1",
    "number of speakers": "2",
    "platform supported": [
        "Mac",
        "PC"
    ],
    "postconsumerwaste": "65%",
    "product model": "271P4QPJKEB",
    "product name": "271P4QPJKEB Widescreen LCD Monitor",
    "product series": "P",
    "product type": "LCD Monitor",
    "recycled": "Yes",
    "recycled content": "Plastic",
    "response time": "6 ms",
    "screen mode": "Full HD",
    "screen size": "68.6 cm (27\")",
    "speakers": "Yes",
    "standard refresh rate": "60 Hz",
    "usb": "Yes",
    "usb standard": "USB 2.0",
    "vertical viewing angle": "178\u00b0",
    "vesa mount compatible": "Yes",
    "vesa mount standard": "100 x 100",
    "vga": "Yes"
}