{
    "<page title>": "241B4LPCB/00, 2547741, Philips, LCD Monitor, IML Direct Italy",
    "adjustable display angle": "Yes",
    "adjustable display height": "Yes",
    "adjustable display pivot": "Yes",
    "aspect ratio": "16:9",
    "backlight technology": "LED",
    "brand name": "Philips",
    "brightness": "250 cd/m\u00b2",
    "builtin devices": "Speaker",
    "certifications  standards": "BSMICE MarkFCC Class BGOSTSASOSEMKOTUV ErgoTUV/GSUL/cUL",
    "colour": "Black",
    "colour support": "16.7 Million Colours",
    "contrast ratio": "1,000:1",
    "depth": "55 mm",
    "depth with stand": "227 mm",
    "dvi": "Yes",
    "features": [
        "SmartImage",
        "SmartErgoBase",
        "PowerSensor",
        "Security Lock"
    ],
    "green compliance certificateauthority": [
        "ENERGY STAR 5.0",
        "EPEAT Gold",
        "TCO Certified Edge",
        "RoHS",
        "WEEE",
        "TCO Certified Displays 5.2"
    ],
    "green compliant": "Yes",
    "hdcp supported": "Yes",
    "headphone": "Yes",
    "height": "352 mm",
    "height with stand": "403 mm",
    "horizontal viewing angle": "170\u00b0",
    "input voltage": [
        "220 V AC",
        "110 V AC"
    ],
    "limited warranty": "1 Year",
    "manufacturer": "Philips Electronics",
    "manufacturer part number": "241B4LPCB/00",
    "maximum resolution": "1920 x 1080",
    "number of screens": "1",
    "number of speakers": "2",
    "operating power consumption": "20.75 W",
    "platform supported": [
        "Mac",
        "PC"
    ],
    "postconsumerwaste": "65%",
    "product line": "Brilliance",
    "product model": "241B4LPCB",
    "product name": "Brilliance LCD Monitor, LED Backlight with PowerSensor",
    "product series": "B",
    "product type": "LCD Monitor",
    "recycled": "Yes",
    "recycled content": "Plastic",
    "response time": "5 ms",
    "screen mode": "Full HD",
    "screen size": "61 cm (24\")",
    "speakers": "Yes",
    "standard refresh rate": "60 Hz",
    "standby power consumption": "100 mW",
    "usb": "Yes",
    "usb standard": "USB 2.0",
    "vertical viewing angle": "160\u00b0",
    "vesa mount compatible": "Yes",
    "vesa mount standard": "100 x 100",
    "vga": "Yes",
    "weight approximate": "4.30 kg",
    "weight with stand approximate": "6.30 kg",
    "width": "565 mm",
    "width with stand": "565 mm"
}