left_spec_id,right_spec_id,label
www.ebay.com//12307,www.ebay.com//23720,1
catalog.com//254,www.ebay.com//19927,1
catalog.com//254,www.ebay.com//22113,1
www.ebay.com//19927,www.ebay.com//22113,1
www.ebay.com//23720,www.officedepot.com//289,1
www.getprice.com.au//280,www.makingbuyingeasy.co.uk//585,1
catalog.com//254,www.makingbuyingeasy.co.uk//585,1
www.ebay.com//12307,www.getprice.com.au//280,1
www.ebay.com//19927,www.makingbuyingeasy.co.uk//585,1
www.ebay.com//22113,www.makingbuyingeasy.co.uk//585,1
catalog.com//254,www.officedepot.com//289,1
www.ebay.com//22113,www.officedepot.com//289,1
www.ebay.com//19927,www.ebay.com//23720,1
catalog.com//254,www.ebay.com//12307,1
www.ebay.com//23720,www.getprice.com.au//280,1
www.ebay.com//12307,www.ebay.com//22113,1
www.ebay.com//22113,www.ebay.com//23720,1
www.makingbuyingeasy.co.uk//585,www.officedepot.com//289,1
catalog.com//254,www.ebay.com//23720,1
www.ebay.com//22113,www.getprice.com.au//280,1
www.ebay.com//12307,www.makingbuyingeasy.co.uk//585,1
catalog.com//254,www.getprice.com.au//280,1
www.ebay.com//12307,www.ebay.com//19927,1
www.ebay.com//23720,www.makingbuyingeasy.co.uk//585,1
www.ebay.com//12307,www.officedepot.com//289,1
www.getprice.com.au//280,www.officedepot.com//289,1
www.ebay.com//19927,www.getprice.com.au//280,1
www.ebay.com//19927,www.officedepot.com//289,1
www.makingbuyingeasy.co.uk//389,www.ohc24.ch//624,1
www.makingbuyingeasy.co.uk//389,www.makingbuyingeasy.co.uk//66,1
www.makingbuyingeasy.co.uk//66,www.ohc24.ch//624,1
www.best-deal-items.com//2453,www.best-deal-items.com//548,1
www.best-deal-items.com//548,www.ebay.com//16278,1
www.best-deal-items.com//2453,www.ebay.com//19861,1
www.best-deal-items.com//1016,www.best-deal-items.com//548,1
www.best-deal-items.com//1016,www.best-deal-items.com//2025,1
www.best-deal-items.com//1016,www.best-deal-items.com//2453,1
www.best-deal-items.com//1016,www.ebay.com//16278,1
www.best-deal-items.com//2453,www.ebay.com//23319,1
www.best-deal-items.com//1016,www.ebay.com//19861,1
www.best-deal-items.com//2025,www.best-deal-items.com//548,1
www.best-deal-items.com//548,www.ebay.com//19861,1
www.ebay.com//19861,www.ebay.com//23319,1
www.best-deal-items.com//2453,www.ebay.com//16278,1
www.best-deal-items.com//2025,www.ebay.com//23319,1
www.best-deal-items.com//548,www.ebay.com//23319,1
www.best-deal-items.com//1016,www.ebay.com//23319,1
www.ebay.com//16278,www.ebay.com//23319,1
www.best-deal-items.com//2025,www.ebay.com//16278,1
www.best-deal-items.com//2025,www.ebay.com//19861,1
www.best-deal-items.com//2025,www.best-deal-items.com//2453,1
www.ebay.com//16278,www.ebay.com//19861,1
www.ebay.com//22111,www.ebay.com//9342,1
www.best-deal-items.com//1765,www.ebay.com//9342,1
www.best-deal-items.com//1765,www.ebay.com//22111,1
www.best-deal-items.com//1765,www.best-deal-items.com//2563,1
www.best-deal-items.com//1765,www.best-deal-items.com//346,1
www.best-deal-items.com//346,www.ebay.com//22111,1
www.best-deal-items.com//346,www.ebay.com//9342,1
www.best-deal-items.com//2563,www.best-deal-items.com//346,1
www.best-deal-items.com//2563,www.ebay.com//9342,1
www.best-deal-items.com//2563,www.ebay.com//22111,1
www.best-deal-items.com//1210,www.makingbuyingeasy.co.uk//413,1
www.best-deal-items.com//1242,www.makingbuyingeasy.co.uk//413,1
www.best-deal-items.com//2747,www.makingbuyingeasy.co.uk//471,1
www.makingbuyingeasy.co.uk//413,www.ohc24.ch//843,1
www.best-deal-items.com//1242,www.best-deal-items.com//2790,1
www.best-deal-items.com//1210,www.ohc24.ch//843,1
www.makingbuyingeasy.co.uk//471,www.ohc24.ch//843,1
www.best-deal-items.com//2747,www.ohc24.ch//843,1
www.best-deal-items.com//1242,www.makingbuyingeasy.co.uk//471,1
www.best-deal-items.com//1210,www.best-deal-items.com//1242,1
www.best-deal-items.com//2790,www.makingbuyingeasy.co.uk//413,1
www.best-deal-items.com//1242,www.ohc24.ch//843,1
www.makingbuyingeasy.co.uk//413,www.makingbuyingeasy.co.uk//471,1
www.best-deal-items.com//1210,www.best-deal-items.com//2747,1
www.best-deal-items.com//1210,www.best-deal-items.com//2790,1
www.best-deal-items.com//1242,www.best-deal-items.com//2747,1
www.best-deal-items.com//1210,www.makingbuyingeasy.co.uk//471,1
www.best-deal-items.com//2790,www.makingbuyingeasy.co.uk//471,1
www.best-deal-items.com//2747,www.best-deal-items.com//2790,1
www.best-deal-items.com//2747,www.makingbuyingeasy.co.uk//413,1
www.best-deal-items.com//2790,www.ohc24.ch//843,1
www.ebay.com//14749,www.ohc24.ch//89,1
www.ebay.com//14749,www.ebay.com//19991,1
www.ebay.com//14749,www.makingbuyingeasy.co.uk//479,1
www.makingbuyingeasy.co.uk//479,www.ohc24.ch//89,1
www.ebay.com//19991,www.makingbuyingeasy.co.uk//479,1
www.ebay.com//19991,www.ohc24.ch//89,1
www.ohc24.ch//89,www.pcconnection.com//1754,1
www.ebay.com//19991,www.pcconnection.com//1754,1
www.ebay.com//14749,www.pcconnection.com//1754,1
www.ebay.com//14749,www.ebay.com//18113,1
www.ebay.com//18113,www.ebay.com//19991,1
www.ebay.com//18113,www.makingbuyingeasy.co.uk//479,1
www.makingbuyingeasy.co.uk//479,www.pcconnection.com//1754,1
www.ebay.com//18113,www.pcconnection.com//1754,1
www.ebay.com//18113,www.ohc24.ch//89,1
www.ebay.com//19291,www.makingbuyingeasy.co.uk//366,1
www.ebay.com//19291,www.makingbuyingeasy.co.uk//505,1
www.ebay.com//19291,www.makingbuyingeasy.co.uk//34,1
www.makingbuyingeasy.co.uk//34,www.makingbuyingeasy.co.uk//366,1
www.makingbuyingeasy.co.uk//366,www.makingbuyingeasy.co.uk//505,1
www.ebay.com//18841,www.makingbuyingeasy.co.uk//366,1
www.ebay.com//18841,www.makingbuyingeasy.co.uk//505,1
www.makingbuyingeasy.co.uk//34,www.makingbuyingeasy.co.uk//505,1
www.ebay.com//18841,www.makingbuyingeasy.co.uk//34,1
www.ebay.com//18841,www.ebay.com//19291,1
www.mrhightech.com//110,www.softwarecity.ca//5771,1
www.itenergy.co.uk//214,www.jrlinton.co.uk//429,1
www.mediashopuk.com//47,www.planet-computer.it//288,1
www.itenergy.co.uk//214,www.planet-computer.it//288,1
www.itenergy.co.uk//214,www.mediashopuk.com//47,1
www.jrlinton.co.uk//429,www.mediashopuk.com//47,1
www.jrlinton.co.uk//429,www.planet-computer.it//288,1
www.jrlinton.co.uk//940,www.planet-computer.it//275,1
www.cleverboxes.com//376,www.xpcpro.com//1,1
www.planet-computer.it//275,www.xpcpro.com//179,1
www.jrlinton.co.uk//940,www.makingbuyingeasy.co.uk//576,1
www.makingbuyingeasy.co.uk//576,www.xpcpro.com//1,1
www.cleverboxes.com//376,www.itenergy.co.uk//718,1
www.xpcpro.com//1,www.xpcpro.com//179,1
www.cleverboxes.com//376,www.planet-computer.it//275,1
www.cleverboxes.com//376,www.xpcpro.com//179,1
www.planet-computer.it//275,www.xpcpro.com//1,1
www.jrlinton.co.uk//940,www.xpcpro.com//179,1
www.itenergy.co.uk//718,www.xpcpro.com//1,1
www.jrlinton.co.uk//940,www.xpcpro.com//1,1
www.itenergy.co.uk//718,www.makingbuyingeasy.co.uk//576,1
www.itenergy.co.uk//718,www.xpcpro.com//179,1
www.itenergy.co.uk//718,www.planet-computer.it//275,1
www.makingbuyingeasy.co.uk//576,www.xpcpro.com//179,1
www.itenergy.co.uk//718,www.jrlinton.co.uk//940,1
www.makingbuyingeasy.co.uk//576,www.planet-computer.it//275,1
www.cleverboxes.com//376,www.jrlinton.co.uk//940,1
www.cleverboxes.com//376,www.makingbuyingeasy.co.uk//576,1
ca.pcpartpicker.com//244,www.getprice.com.au//192,1
www.imldirect.it//550,www.planet-computer.it//151,1
www.makingbuyingeasy.co.uk//304,www.ohc24.ch//654,1
www.ohc24.ch//654,www.planet-computer.it//151,1
ca.pcpartpicker.com//244,www.imldirect.it//550,1
ca.pcpartpicker.com//244,www.planet-computer.it//151,1
www.imldirect.it//550,www.ohc24.ch//654,1
www.getprice.com.au//192,www.planet-computer.it//151,1
www.makingbuyingeasy.co.uk//304,www.planet-computer.it//151,1
www.imldirect.it//856,www.planet-computer.it//151,1
ca.pcpartpicker.com//244,www.makingbuyingeasy.co.uk//304,1
www.getprice.com.au//192,www.imldirect.it//856,1
www.getprice.com.au//192,www.makingbuyingeasy.co.uk//304,1
ca.pcpartpicker.com//244,www.ohc24.ch//654,1
www.imldirect.it//856,www.makingbuyingeasy.co.uk//304,1
www.imldirect.it//550,www.makingbuyingeasy.co.uk//304,1
www.imldirect.it//550,www.imldirect.it//856,1
www.getprice.com.au//192,www.imldirect.it//550,1
ca.pcpartpicker.com//244,www.imldirect.it//856,1
www.imldirect.it//856,www.ohc24.ch//654,1
www.getprice.com.au//192,www.ohc24.ch//654,1
www.cleverboxes.com//230,www.kingsfieldcomputers.co.uk//334,1
www.cleverboxes.com//230,www.softwarecity.ca//5730,1
www.kingsfieldcomputers.co.uk//334,www.softwarecity.ca//5730,1
www.jrlinton.co.uk//619,www.kingsfieldcomputers.co.uk//334,1
www.jrlinton.co.uk//619,www.softwarecity.ca//5730,1
ca.pcpartpicker.com//534,www.cleverboxes.com//230,1
www.cleverboxes.com//230,www.jrlinton.co.uk//619,1
ca.pcpartpicker.com//534,www.jrlinton.co.uk//619,1
ca.pcpartpicker.com//534,www.softwarecity.ca//5730,1
ca.pcpartpicker.com//534,www.kingsfieldcomputers.co.uk//334,1
ce.yikus.com//1364,www.getprice.com.au//257,1
ca.pcpartpicker.com//625,www.getprice.com.au//257,1
ce.yikus.com//1364,www.makingbuyingeasy.co.uk//567,1
ce.yikus.com//1364,www.imldirect.it//769,1
www.getprice.com.au//257,www.imldirect.it//769,1
ca.pcpartpicker.com//625,www.imldirect.it//769,1
www.imldirect.it//769,www.makingbuyingeasy.co.uk//567,1
ca.pcpartpicker.com//625,www.makingbuyingeasy.co.uk//567,1
www.getprice.com.au//257,www.makingbuyingeasy.co.uk//567,1
ca.pcpartpicker.com//625,ce.yikus.com//1364,1
www.getprice.com.au//311,www.xpcpro.com//67,1
ca.pcpartpicker.com//322,www.xpcpro.com//67,1
www.hardware-planet.it//200,www.xpcpro.com//67,1
ca.pcpartpicker.com//322,www.hardware-planet.it//200,1
ca.pcpartpicker.com//322,www.getprice.com.au//311,1
www.getprice.com.au//311,www.hardware-planet.it//200,1
www.getprice.com.au//149,www.jrlinton.co.uk//959,1
www.getprice.com.au//149,www.imldirect.it//656,1
www.imldirect.it//656,www.jrlinton.co.uk//959,1
www.imldirect.it//656,www.itenergy.co.uk//794,1
www.itenergy.co.uk//794,www.jrlinton.co.uk//959,1
www.getprice.com.au//149,www.itenergy.co.uk//794,1
www.itenergy.co.uk//727,www.jrlinton.co.uk//1855,1
www.getprice.com.au//381,www.kingsfieldcomputers.co.uk//707,1
www.makingbuyingeasy.co.uk//405,www.planet-computer.it//130,1
www.getprice.com.au//381,www.planet-computer.it//130,1
www.jrlinton.co.uk//1856,www.makingbuyingeasy.co.uk//405,1
www.kingsfieldcomputers.co.uk//707,www.makingbuyingeasy.co.uk//405,1
www.jrlinton.co.uk//1856,www.planet-computer.it//130,1
www.getprice.com.au//381,www.makingbuyingeasy.co.uk//405,1
www.getprice.com.au//381,www.jrlinton.co.uk//1856,1
www.kingsfieldcomputers.co.uk//707,www.planet-computer.it//130,1
www.jrlinton.co.uk//1856,www.kingsfieldcomputers.co.uk//707,1
www.cleverboxes.com//124,www.makingbuyingeasy.co.uk//47,1
www.makingbuyingeasy.co.uk//47,www.mrhightech.com//62,1
www.mrhightech.com//62,www.planet-computer.it//224,1
www.makingbuyingeasy.co.uk//47,www.planet-computer.it//224,1
www.cleverboxes.com//124,www.itenergy.co.uk//464,1
www.itenergy.co.uk//464,www.mrhightech.com//62,1
www.cleverboxes.com//124,www.mrhightech.com//62,1
www.itenergy.co.uk//464,www.planet-computer.it//224,1
www.itenergy.co.uk//464,www.makingbuyingeasy.co.uk//47,1
www.cleverboxes.com//124,www.planet-computer.it//224,1
ca.pcpartpicker.com//706,www.makingbuyingeasy.co.uk//6,1
www.makingbuyingeasy.co.uk//6,www.softwarecity.ca//5804,1
ca.pcpartpicker.com//706,www.softwarecity.ca//5804,1
ca.pcpartpicker.com//706,www.planet-computer.it//156,1
www.planet-computer.it//156,www.softwarecity.ca//5804,1
www.jrlinton.co.uk//1876,www.makingbuyingeasy.co.uk//6,1
ca.pcpartpicker.com//706,www.jrlinton.co.uk//1876,1
www.jrlinton.co.uk//1876,www.softwarecity.ca//5804,1
www.makingbuyingeasy.co.uk//6,www.planet-computer.it//156,1
www.jrlinton.co.uk//1876,www.planet-computer.it//156,1
www.cleverboxes.com//113,www.kingsfieldcomputers.co.uk//637,1
www.itenergy.co.uk//739,www.kingsfieldcomputers.co.uk//637,1
www.cleverboxes.com//113,www.itenergy.co.uk//739,1
www.ebay.com//14641,www.ebay.com//22762,1
www.best-deal-items.com//1978,www.ebay.com//23725,1
www.ebay.com//19077,www.ebay.com//23725,1
www.ebay.com//11384,www.ebay.com//19077,1
www.ebay.com//11384,www.ebay.com//23725,1
www.best-deal-items.com//1978,www.ebay.com//11384,1
www.best-deal-items.com//1978,www.ebay.com//19077,1
www.ebay.com//19232,www.ebay.com//9382,1
www.ebay.com//21107,www.ebay.com//9382,1
www.ebay.com//19591,www.ebay.com//9382,1
www.ebay.com//19232,www.ebay.com//21107,1
www.ebay.com//18885,www.ebay.com//21107,1
www.ebay.com//18885,www.ebay.com//19591,1
www.ebay.com//18885,www.ebay.com//9382,1
www.ebay.com//19591,www.ebay.com//21107,1
www.ebay.com//19232,www.ebay.com//19591,1
www.ebay.com//18885,www.ebay.com//19232,1
www.ebay.com//14918,www.ebay.com//18920,1
www.ebay.com//17030,www.ebay.com//19440,1
www.ebay.com//15888,www.ebay.com//23156,1
www.ebay.com//20855,www.ebay.com//23156,1
www.ebay.com//15888,www.ebay.com//20855,1
www.ebay.com//18920,www.ebay.com//19440,1
www.ebay.com//17030,www.ebay.com//18920,1
www.ebay.com//17072,www.ebay.com//22640,1
www.ebay.com//20855,www.ebay.com//22640,1
www.ebay.com//14918,www.ebay.com//19440,1
www.ebay.com//17072,www.ebay.com//18920,1
www.ebay.com//18920,www.ebay.com//20855,1
www.ebay.com//14918,www.ebay.com//17030,1
www.ebay.com//19440,www.ebay.com//22640,1
www.ebay.com//17072,www.ebay.com//23156,1
www.ebay.com//15888,www.ebay.com//17072,1
www.ebay.com//17030,www.ebay.com//22640,1
www.ebay.com//17072,www.ebay.com//19440,1
www.ebay.com//19440,www.ebay.com//20855,1
www.ebay.com//17030,www.ebay.com//20855,1
www.ebay.com//14918,www.ebay.com//23156,1
www.ebay.com//14918,www.ebay.com//15888,1
www.ebay.com//18920,www.ebay.com//22640,1
www.ebay.com//15888,www.ebay.com//22640,1
www.ebay.com//17030,www.ebay.com//23156,1
www.ebay.com//15888,www.ebay.com//17030,1
www.ebay.com//19440,www.ebay.com//23156,1
www.ebay.com//15888,www.ebay.com//19440,1
www.ebay.com//17030,www.ebay.com//17072,1
www.ebay.com//14918,www.ebay.com//20855,1
www.ebay.com//14918,www.ebay.com//17072,1
www.ebay.com//17072,www.ebay.com//20855,1
www.ebay.com//18920,www.ebay.com//23156,1
www.ebay.com//15888,www.ebay.com//18920,1
www.ebay.com//14918,www.ebay.com//22640,1
www.ebay.com//22640,www.ebay.com//23156,1
www.ohc24.ch//183,www.pc-canada.com//347,1
www.imldirect.it//464,www.pc-canada.com//347,1
www.imldirect.it//464,www.ohc24.ch//183,1
www.ohc24.ch//183,www.softwarecity.ca//5801,1
www.pc-canada.com//347,www.softwarecity.ca//5801,1
www.planet-computer.it//201,www.softwarecity.ca//5801,1
www.pc-canada.com//347,www.planet-computer.it//201,1
www.imldirect.it//464,www.planet-computer.it//201,1
www.ohc24.ch//183,www.planet-computer.it//201,1
www.imldirect.it//464,www.softwarecity.ca//5801,1
www.ebay.com//19635,www.ebay.com//23209,1
www.ebay.com//19247,www.ebay.com//22500,1
catalog.com//327,www.ebay.com//18983,1
www.ebay.com//19247,www.softwarecity.ca//5442,1
www.ebay.com//22500,www.softwarecity.ca//5442,1
catalog.com//327,www.ebay.com//22500,1
catalog.com//327,www.softwarecity.ca//5442,1
www.ebay.com//16736,www.ebay.com//22500,1
www.ebay.com//18983,www.softwarecity.ca//5442,1
www.ebay.com//16736,www.ebay.com//19247,1
catalog.com//327,www.ebay.com//19247,1
www.ebay.com//18983,www.ebay.com//22500,1
www.ebay.com//16736,www.ebay.com//18983,1
www.ebay.com//18983,www.ebay.com//19247,1
www.ebay.com//16736,www.softwarecity.ca//5442,1
catalog.com//327,www.ebay.com//16736,1
www.best-deal-items.com//2690,www.odsi.co.uk//194,1
www.makingbuyingeasy.co.uk//216,www.makingbuyingeasy.co.uk//68,1
www.best-deal-items.com//700,www.makingbuyingeasy.co.uk//68,1
www.best-deal-items.com//878,www.makingbuyingeasy.co.uk//68,1
www.best-deal-items.com//848,www.makingbuyingeasy.co.uk//68,1
www.best-deal-items.com//878,www.odsi.co.uk//194,1
www.best-deal-items.com//2690,www.makingbuyingeasy.co.uk//68,1
www.best-deal-items.com//878,www.xpcpro.com//242,1
www.best-deal-items.com//848,www.makingbuyingeasy.co.uk//216,1
www.makingbuyingeasy.co.uk//216,www.odsi.co.uk//194,1
www.best-deal-items.com//848,www.best-deal-items.com//878,1
www.best-deal-items.com//2690,www.xpcpro.com//242,1
www.best-deal-items.com//700,www.makingbuyingeasy.co.uk//216,1
www.best-deal-items.com//700,www.best-deal-items.com//878,1
www.makingbuyingeasy.co.uk//68,www.xpcpro.com//242,1
www.makingbuyingeasy.co.uk//216,www.xpcpro.com//242,1
www.best-deal-items.com//2690,www.best-deal-items.com//848,1
www.best-deal-items.com//2690,www.makingbuyingeasy.co.uk//216,1
www.makingbuyingeasy.co.uk//68,www.odsi.co.uk//194,1
www.best-deal-items.com//848,www.xpcpro.com//242,1
www.best-deal-items.com//700,www.odsi.co.uk//194,1
www.best-deal-items.com//2690,www.best-deal-items.com//878,1
www.best-deal-items.com//700,www.xpcpro.com//242,1
www.best-deal-items.com//2690,www.best-deal-items.com//700,1
www.best-deal-items.com//848,www.odsi.co.uk//194,1
www.best-deal-items.com//700,www.best-deal-items.com//848,1
www.odsi.co.uk//194,www.xpcpro.com//242,1
www.best-deal-items.com//878,www.makingbuyingeasy.co.uk//216,1
www.best-deal-items.com//1193,www.best-deal-items.com//2783,1
www.best-deal-items.com//2250,www.ebay.com//23697,1
www.best-deal-items.com//1541,www.ebay.com//18638,1
www.best-deal-items.com//2783,www.ebay.com//18638,1
www.ebay.com//18638,www.ebay.com//23697,1
www.best-deal-items.com//1256,www.ebay.com//23697,1
www.best-deal-items.com//232,www.best-deal-items.com//2783,1
www.best-deal-items.com//1193,www.best-deal-items.com//1541,1
www.best-deal-items.com//1193,www.ebay.com//18638,1
www.best-deal-items.com//1541,www.best-deal-items.com//2783,1
www.best-deal-items.com//1256,www.best-deal-items.com//232,1
www.best-deal-items.com//232,www.ebay.com//23574,1
www.best-deal-items.com//1193,www.ebay.com//23574,1
www.best-deal-items.com//1541,www.ebay.com//23574,1
www.best-deal-items.com//232,www.best-deal-items.com//2432,1
www.best-deal-items.com//1193,www.best-deal-items.com//2432,1
www.ebay.com//23574,www.ebay.com//23697,1
www.best-deal-items.com//1193,www.best-deal-items.com//232,1
www.best-deal-items.com//1193,www.best-deal-items.com//1837,1
www.best-deal-items.com//1837,www.ebay.com//18638,1
www.best-deal-items.com//1256,www.best-deal-items.com//2783,1
www.best-deal-items.com//1193,www.ebay.com//23697,1
www.best-deal-items.com//2432,www.best-deal-items.com//2783,1
www.best-deal-items.com//2432,www.ebay.com//23697,1
www.best-deal-items.com//1837,www.best-deal-items.com//2783,1
www.best-deal-items.com//232,www.ebay.com//18638,1
www.best-deal-items.com//2250,www.ebay.com//18638,1
www.best-deal-items.com//1256,www.ebay.com//23574,1
www.best-deal-items.com//1837,www.ebay.com//23574,1
www.best-deal-items.com//1837,www.best-deal-items.com//2432,1
www.best-deal-items.com//1256,www.best-deal-items.com//1837,1
www.best-deal-items.com//1193,www.best-deal-items.com//2250,1
www.best-deal-items.com//1541,www.best-deal-items.com//2250,1
www.best-deal-items.com//1256,www.best-deal-items.com//2432,1
www.best-deal-items.com//2250,www.best-deal-items.com//232,1
www.best-deal-items.com//1256,www.best-deal-items.com//1541,1
www.best-deal-items.com//1193,www.best-deal-items.com//1256,1
www.best-deal-items.com//1837,www.best-deal-items.com//2250,1
www.best-deal-items.com//2250,www.best-deal-items.com//2432,1
www.best-deal-items.com//2250,www.ebay.com//23574,1
www.best-deal-items.com//1256,www.ebay.com//18638,1
www.best-deal-items.com//1541,www.ebay.com//23697,1
www.best-deal-items.com//1541,www.best-deal-items.com//1837,1
www.best-deal-items.com//1541,www.best-deal-items.com//2432,1
www.best-deal-items.com//2250,www.best-deal-items.com//2783,1
www.best-deal-items.com//2783,www.ebay.com//23697,1
www.best-deal-items.com//1837,www.best-deal-items.com//232,1
www.ebay.com//18638,www.ebay.com//23574,1
www.best-deal-items.com//1256,www.best-deal-items.com//2250,1
www.best-deal-items.com//1541,www.best-deal-items.com//232,1
www.best-deal-items.com//2783,www.ebay.com//23574,1
www.best-deal-items.com//232,www.ebay.com//23697,1
www.best-deal-items.com//2432,www.ebay.com//18638,1
www.best-deal-items.com//1837,www.ebay.com//23697,1
www.best-deal-items.com//2432,www.ebay.com//23574,1
www.best-deal-items.com//1479,www.best-deal-items.com//909,1
www.best-deal-items.com//1885,www.best-deal-items.com//363,1
www.best-deal-items.com//1885,www.best-deal-items.com//2114,1
www.best-deal-items.com//1885,www.ebay.com//20100,1
www.best-deal-items.com//1479,www.ebay.com//20100,1
www.best-deal-items.com//909,www.ebay.com//20100,1
www.best-deal-items.com//2114,www.best-deal-items.com//70,1
www.best-deal-items.com//363,www.best-deal-items.com//70,1
www.best-deal-items.com//363,www.ebay.com//20100,1
www.best-deal-items.com//1479,www.best-deal-items.com//1885,1
www.best-deal-items.com//1479,www.best-deal-items.com//70,1
www.best-deal-items.com//2114,www.ebay.com//20100,1
www.best-deal-items.com//70,www.best-deal-items.com//909,1
www.best-deal-items.com//1479,www.best-deal-items.com//2114,1
www.best-deal-items.com//1479,www.best-deal-items.com//363,1
www.best-deal-items.com//363,www.best-deal-items.com//909,1
www.best-deal-items.com//70,www.ebay.com//20100,1
www.best-deal-items.com//1885,www.best-deal-items.com//70,1
www.best-deal-items.com//2114,www.best-deal-items.com//909,1
www.best-deal-items.com//2114,www.best-deal-items.com//363,1
www.best-deal-items.com//1885,www.best-deal-items.com//909,1
catalog.com//603,www.ebay.com//19898,1
catalog.com//603,www.ebay.com//21726,1
www.best-deal-items.com//2354,www.ebay.com//21726,1
www.ebay.com//19898,www.ebay.com//21726,1
catalog.com//603,www.best-deal-items.com//2354,1
www.best-deal-items.com//2354,www.ebay.com//19898,1
www.ebay.com//21775,www.makingbuyingeasy.co.uk//85,1
www.ebay.com//23688,www.makingbuyingeasy.co.uk//85,1
www.cleverboxes.com//281,www.ebay.com//19230,1
ca.pcpartpicker.com//264,www.ebay.com//19230,1
ca.pcpartpicker.com//264,www.makingbuyingeasy.co.uk//85,1
ca.pcpartpicker.com//264,www.cleverboxes.com//281,1
www.ebay.com//21775,www.ebay.com//23688,1
ca.pcpartpicker.com//264,www.ebay.com//21775,1
ca.pcpartpicker.com//264,www.ebay.com//23688,1
www.ebay.com//19230,www.makingbuyingeasy.co.uk//85,1
www.ebay.com//19230,www.ebay.com//21775,1
www.ebay.com//19230,www.ebay.com//23688,1
www.cleverboxes.com//281,www.makingbuyingeasy.co.uk//85,1
www.cleverboxes.com//281,www.ebay.com//21775,1
www.cleverboxes.com//281,www.ebay.com//23688,1
www.cleverboxes.com//249,www.officedepot.com//173,1
www.ebay.com//9711,www.makingbuyingeasy.co.uk//392,1
www.ebay.com//9711,www.officedepot.com//173,1
www.makingbuyingeasy.co.uk//392,www.officedepot.com//173,1
catalog.com//493,www.cleverboxes.com//249,1
www.officedepot.com//173,www.xpcpro.com//95,1
www.cleverboxes.com//249,www.xpcpro.com//95,1
www.cleverboxes.com//249,www.ebay.com//9711,1
catalog.com//493,www.makingbuyingeasy.co.uk//392,1
catalog.com//493,www.officedepot.com//173,1
catalog.com//493,www.xpcpro.com//95,1
catalog.com//493,www.ebay.com//9711,1
www.cleverboxes.com//249,www.makingbuyingeasy.co.uk//392,1
www.ebay.com//9711,www.xpcpro.com//95,1
www.makingbuyingeasy.co.uk//392,www.xpcpro.com//95,1
www.ebay.com//16258,www.ebay.com//19835,1
www.getprice.com.au//365,www.softwarecity.ca//5425,1
www.ebay.com//19835,www.getprice.com.au//365,1
www.ebay.com//16258,www.getprice.com.au//365,1
www.ebay.com//15801,www.ebay.com//19835,1
www.ebay.com//16258,www.jrlinton.co.uk//1057,1
www.ebay.com//15801,www.ebay.com//16258,1
www.ebay.com//19835,www.softwarecity.ca//5425,1
www.jrlinton.co.uk//1057,www.softwarecity.ca//5425,1
www.ebay.com//16258,www.softwarecity.ca//5425,1
www.ebay.com//15801,www.getprice.com.au//365,1
www.ebay.com//15801,www.softwarecity.ca//5425,1
www.ebay.com//15801,www.jrlinton.co.uk//1057,1
www.ebay.com//19835,www.jrlinton.co.uk//1057,1
www.getprice.com.au//365,www.jrlinton.co.uk//1057,1
www.cleverboxes.com//46,www.officedepot.com//180,1
www.ebay.com//19529,www.ebay.com//23354,1
www.ebay.com//23354,www.ebay.com//23676,1
www.ebay.com//22256,www.ebay.com//23354,1
www.cleverboxes.com//46,www.ebay.com//23354,1
www.ebay.com//22256,www.getprice.com.au//158,1
www.cleverboxes.com//46,www.ebay.com//19529,1
www.ebay.com//19529,www.getprice.com.au//158,1
www.ebay.com//22256,www.ebay.com//23676,1
www.cleverboxes.com//46,www.ebay.com//23676,1
www.ebay.com//19529,www.ebay.com//22256,1
www.cleverboxes.com//46,www.ebay.com//22256,1
www.ebay.com//22256,www.ohc24.ch//509,1
www.cleverboxes.com//46,www.ohc24.ch//509,1
www.ebay.com//19529,www.officedepot.com//180,1
www.ebay.com//19529,www.ohc24.ch//509,1
www.ebay.com//23676,www.officedepot.com//180,1
www.ebay.com//23676,www.ohc24.ch//509,1
www.getprice.com.au//158,www.ohc24.ch//509,1
www.officedepot.com//180,www.ohc24.ch//509,1
www.ebay.com//23354,www.ohc24.ch//509,1
www.ebay.com//22256,www.officedepot.com//180,1
www.cleverboxes.com//46,www.getprice.com.au//158,1
www.ebay.com//23676,www.getprice.com.au//158,1
www.ebay.com//23354,www.officedepot.com//180,1
www.ebay.com//23354,www.getprice.com.au//158,1
www.ebay.com//19529,www.ebay.com//23676,1
www.getprice.com.au//158,www.officedepot.com//180,1
www.best-deal-items.com//2589,www.softwarecity.ca//1579,1
www.ebay.com//21745,www.softwarecity.ca//1579,1
www.makingbuyingeasy.co.uk//460,www.softwarecity.ca//1579,1
www.best-deal-items.com//2589,www.ebay.com//21745,1
www.best-deal-items.com//2589,www.makingbuyingeasy.co.uk//460,1
www.ebay.com//21745,www.makingbuyingeasy.co.uk//460,1
www.hardware-planet.it//180,www.mediashopuk.com//11,1
www.hardware-planet.it//180,www.ohc24.ch//647,1
www.mediashopuk.com//11,www.ohc24.ch//647,1
www.imldirect.it//872,www.ohc24.ch//647,1
www.hardware-planet.it//180,www.imldirect.it//872,1
www.imldirect.it//872,www.mediashopuk.com//11,1
ca.pcpartpicker.com//445,www.cleverboxes.com//477,1
ca.pcpartpicker.com//445,www.ebay.com//21207,1
www.ebay.com//21207,www.hardware-planet.it//285,1
www.cleverboxes.com//477,www.ebay.com//21207,1
www.cleverboxes.com//477,www.hardware-planet.it//285,1
ca.pcpartpicker.com//445,www.hardware-planet.it//285,1
www.cleverboxes.com//477,www.mrhightech.com//134,1
ca.pcpartpicker.com//445,www.mrhightech.com//134,1
www.ebay.com//21207,www.mrhightech.com//134,1
www.hardware-planet.it//285,www.mrhightech.com//134,1
www.makingbuyingeasy.co.uk//276,www.xpcpro.com//195,1
www.makingbuyingeasy.co.uk//276,www.xpcpro.com//198,1
www.ebay.com//20102,www.makingbuyingeasy.co.uk//276,1
www.ebay.com//20102,www.xpcpro.com//195,1
www.xpcpro.com//195,www.xpcpro.com//198,1
www.ebay.com//20102,www.xpcpro.com//198,1
www.planet-computer.it//147,www.shopmania.com//674,1
www.makingbuyingeasy.co.uk//268,www.nexus-t.co.uk//74,1
www.makingbuyingeasy.co.uk//268,www.softwarecity.ca//5729,1
www.nexus-t.co.uk//74,www.shopmania.com//674,1
www.makingbuyingeasy.co.uk//268,www.planet-computer.it//147,1
www.makingbuyingeasy.co.uk//268,www.shopmania.com//674,1
www.planet-computer.it//147,www.softwarecity.ca//5729,1
www.nexus-t.co.uk//74,www.planet-computer.it//147,1
www.shopmania.com//674,www.softwarecity.ca//5729,1
www.nexus-t.co.uk//74,www.softwarecity.ca//5729,1
www.makingbuyingeasy.co.uk//501,www.xpcpro.com//97,1
www.ebay.com//11409,www.xpcpro.com//97,1
www.best-deal-items.com//3,www.xpcpro.com//97,1
www.best-deal-items.com//3,www.ebay.com//11409,1
www.makingbuyingeasy.co.uk//501,www.odsi.co.uk//136,1
www.odsi.co.uk//136,www.xpcpro.com//227,1
www.ebay.com//11409,www.odsi.co.uk//136,1
www.best-deal-items.com//3,www.makingbuyingeasy.co.uk//501,1
www.best-deal-items.com//3,www.odsi.co.uk//136,1
www.odsi.co.uk//136,www.xpcpro.com//97,1
www.best-deal-items.com//3,www.xpcpro.com//227,1
www.makingbuyingeasy.co.uk//501,www.xpcpro.com//227,1
www.ebay.com//11409,www.xpcpro.com//227,1
www.ebay.com//11409,www.makingbuyingeasy.co.uk//501,1
www.xpcpro.com//227,www.xpcpro.com//97,1
www.best-deal-items.com//1768,www.best-deal-items.com//575,1
www.best-deal-items.com//1664,www.best-deal-items.com//2005,1
www.best-deal-items.com//1864,www.best-deal-items.com//2232,1
www.best-deal-items.com//1540,www.best-deal-items.com//1664,1
www.best-deal-items.com//1540,www.best-deal-items.com//575,1
www.best-deal-items.com//1664,www.best-deal-items.com//1768,1
www.best-deal-items.com//1664,www.best-deal-items.com//2232,1
www.best-deal-items.com//1664,www.best-deal-items.com//1864,1
www.best-deal-items.com//2005,www.best-deal-items.com//575,1
www.best-deal-items.com//1664,www.best-deal-items.com//575,1
www.best-deal-items.com//2005,www.best-deal-items.com//2232,1
www.best-deal-items.com//1768,www.best-deal-items.com//1864,1
www.best-deal-items.com//1540,www.best-deal-items.com//1768,1
www.best-deal-items.com//1864,www.best-deal-items.com//575,1
www.best-deal-items.com//1540,www.best-deal-items.com//2232,1
www.best-deal-items.com//1768,www.best-deal-items.com//2232,1
www.best-deal-items.com//1768,www.best-deal-items.com//2005,1
www.best-deal-items.com//1864,www.best-deal-items.com//2005,1
www.best-deal-items.com//1540,www.best-deal-items.com//1864,1
www.best-deal-items.com//1540,www.best-deal-items.com//2005,1
www.best-deal-items.com//2232,www.best-deal-items.com//575,1
www.makingbuyingeasy.co.uk//259,www.nexus-t.co.uk//92,1
www.ebay.com//23735,www.shopmania.com//38,1
www.ebay.com//23735,www.makingbuyingeasy.co.uk//259,1
www.makingbuyingeasy.co.uk//259,www.shopmania.com//38,1
www.nexus-t.co.uk//92,www.shopmania.com//38,1
www.ebay.com//23735,www.nexus-t.co.uk//92,1
ca.pcpartpicker.com//55,www.makingbuyingeasy.co.uk//395,1
ce.yikus.com//251,www.makingbuyingeasy.co.uk//395,1
ca.pcpartpicker.com//55,ce.yikus.com//251,1
ca.pcpartpicker.com//55,www.cleverboxes.com//385,1
ce.yikus.com//251,www.itenergy.co.uk//782,1
www.itenergy.co.uk//782,www.makingbuyingeasy.co.uk//395,1
www.cleverboxes.com//385,www.makingbuyingeasy.co.uk//395,1
ce.yikus.com//251,www.cleverboxes.com//385,1
ca.pcpartpicker.com//55,www.itenergy.co.uk//782,1
www.cleverboxes.com//385,www.itenergy.co.uk//782,1
www.ebay.com//19362,www.softwarecity.ca//5763,1
catalog.com//617,www.ebay.com//19362,1
www.ebay.com//17093,www.ebay.com//19362,1
www.pcconnection.com//3476,www.softwarecity.ca//5763,1
www.getprice.com.au//142,www.pcconnection.com//3476,1
www.ebay.com//17093,www.pcconnection.com//3476,1
catalog.com//617,www.pcconnection.com//3476,1
www.getprice.com.au//142,www.softwarecity.ca//5763,1
www.ebay.com//19362,www.getprice.com.au//142,1
catalog.com//617,www.getprice.com.au//142,1
www.ebay.com//19362,www.pcconnection.com//3476,1
www.ebay.com//17093,www.softwarecity.ca//5763,1
catalog.com//617,www.ebay.com//17093,1
catalog.com//617,www.softwarecity.ca//5763,1
www.ebay.com//17093,www.getprice.com.au//142,1
www.best-deal-items.com//1600,www.ebay.com//20336,1
www.best-deal-items.com//2797,www.ebay.com//20336,1
www.best-deal-items.com//1943,www.ebay.com//20336,1
www.best-deal-items.com//1600,www.best-deal-items.com//1943,1
www.best-deal-items.com//2194,www.ebay.com//20336,1
www.best-deal-items.com//1943,www.best-deal-items.com//2194,1
www.best-deal-items.com//2194,www.best-deal-items.com//2797,1
www.best-deal-items.com//1600,www.best-deal-items.com//2194,1
www.best-deal-items.com//1600,www.best-deal-items.com//2797,1
www.best-deal-items.com//1943,www.best-deal-items.com//2797,1
www.cleverboxes.com//451,www.getprice.com.au//295,1
www.cleverboxes.com//451,www.cleverboxes.com//65,1
www.cleverboxes.com//65,www.getprice.com.au//295,1
ca.pcpartpicker.com//644,www.pcconnection.com//859,1
www.best-deal-items.com//1238,www.best-deal-items.com//448,1
www.best-deal-items.com//1238,www.odsi.co.uk//211,1
www.best-deal-items.com//2637,www.softwarecity.ca//1535,1
www.best-deal-items.com//448,www.softwarecity.ca//1535,1
www.odsi.co.uk//211,www.softwarecity.ca//1535,1
www.best-deal-items.com//1902,www.softwarecity.ca//1535,1
www.best-deal-items.com//1238,www.best-deal-items.com//1902,1
www.best-deal-items.com//448,www.softwarecity.ca//5717,1
www.odsi.co.uk//211,www.softwarecity.ca//5717,1
www.best-deal-items.com//2637,www.best-deal-items.com//392,1
www.best-deal-items.com//392,www.softwarecity.ca//1535,1
www.best-deal-items.com//1902,www.softwarecity.ca//5717,1
www.best-deal-items.com//1238,www.best-deal-items.com//392,1
www.best-deal-items.com//392,www.best-deal-items.com//448,1
www.best-deal-items.com//448,www.odsi.co.uk//211,1
www.best-deal-items.com//2637,www.softwarecity.ca//5717,1
www.best-deal-items.com//1902,www.best-deal-items.com//2637,1
www.best-deal-items.com//392,www.odsi.co.uk//211,1
www.softwarecity.ca//1535,www.softwarecity.ca//5717,1
www.best-deal-items.com//2637,www.best-deal-items.com//448,1
www.best-deal-items.com//2637,www.odsi.co.uk//211,1
www.best-deal-items.com//1902,www.best-deal-items.com//392,1
www.best-deal-items.com//1238,www.softwarecity.ca//1535,1
www.best-deal-items.com//1238,www.softwarecity.ca//5717,1
www.best-deal-items.com//392,www.softwarecity.ca//5717,1
www.best-deal-items.com//1902,www.best-deal-items.com//448,1
www.best-deal-items.com//1902,www.odsi.co.uk//211,1
www.best-deal-items.com//1238,www.best-deal-items.com//2637,1
www.best-deal-items.com//1212,www.best-deal-items.com//769,1
www.best-deal-items.com//1832,www.best-deal-items.com//2168,1
www.best-deal-items.com//2073,www.best-deal-items.com//769,1
www.best-deal-items.com//1832,www.best-deal-items.com//769,1
www.best-deal-items.com//2168,www.best-deal-items.com//769,1
www.best-deal-items.com//1832,www.best-deal-items.com//2144,1
www.best-deal-items.com//1212,www.ebay.com//12139,1
www.best-deal-items.com//1212,www.best-deal-items.com//1832,1
www.best-deal-items.com//769,www.ebay.com//12139,1
www.best-deal-items.com//2144,www.best-deal-items.com//769,1
www.best-deal-items.com//2073,www.best-deal-items.com//2144,1
www.best-deal-items.com//1832,www.ebay.com//12139,1
www.best-deal-items.com//1212,www.best-deal-items.com//2168,1
www.best-deal-items.com//1212,www.best-deal-items.com//2144,1
www.best-deal-items.com//1212,www.best-deal-items.com//2073,1
www.best-deal-items.com//2144,www.best-deal-items.com//2168,1
www.best-deal-items.com//2168,www.ebay.com//12139,1
www.best-deal-items.com//2073,www.ebay.com//12139,1
www.best-deal-items.com//2144,www.ebay.com//12139,1
www.best-deal-items.com//1832,www.best-deal-items.com//2073,1
www.best-deal-items.com//2073,www.best-deal-items.com//2168,1
www.best-deal-items.com//1858,www.ebay.com//22361,1
ca.pcpartpicker.com//23,www.cleverboxes.com//408,1
ca.pcpartpicker.com//23,www.vology.com//2328,1
www.cleverboxes.com//408,www.ebay.com//22361,1
ca.pcpartpicker.com//23,www.best-deal-items.com//1858,1
www.best-deal-items.com//1858,www.cleverboxes.com//408,1
ca.pcpartpicker.com//23,www.ebay.com//22361,1
www.ebay.com//22361,www.vology.com//2328,1
www.cleverboxes.com//408,www.vology.com//2328,1
www.best-deal-items.com//1858,www.vology.com//2328,1
www.ebay.com//19891,www.shopmania.com//664,1
www.ebay.com//20633,www.shopmania.com//664,1
www.ebay.com//20633,www.ohc24.ch//404,1
www.ohc24.ch//404,www.shopmania.com//664,1
www.best-deal-items.com//1569,www.ebay.com//19891,1
www.ebay.com//19891,www.ohc24.ch//404,1
www.best-deal-items.com//1569,www.shopmania.com//664,1
www.best-deal-items.com//1569,www.ebay.com//20633,1
www.best-deal-items.com//1569,www.ohc24.ch//404,1
www.ebay.com//19891,www.ebay.com//20633,1
www.ebay.com//19610,www.ebay.com//22067,1
ce.yikus.com//1014,www.ebay.com//20338,1
ce.yikus.com//1014,www.ebay.com//19240,1
www.ebay.com//19610,www.ebay.com//20186,1
ce.yikus.com//1014,www.ebay.com//10106,1
www.ebay.com//20396,www.ebay.com//22067,1
www.ebay.com//19240,www.ebay.com//20338,1
www.ebay.com//10106,www.ebay.com//19610,1
www.ebay.com//19240,www.ebay.com//20186,1
www.ebay.com//20338,www.ebay.com//22067,1
www.ebay.com//10106,www.ebay.com//19240,1
ce.yikus.com//1014,www.ebay.com//22067,1
www.ebay.com//10106,www.ebay.com//20396,1
www.ebay.com//19610,www.ebay.com//20338,1
ce.yikus.com//1014,www.ebay.com//19610,1
www.ebay.com//19610,www.ebay.com//20396,1
www.ebay.com//20186,www.ebay.com//22067,1
www.ebay.com//10106,www.ebay.com//22067,1
ce.yikus.com//1014,www.ebay.com//20186,1
ce.yikus.com//1014,www.ebay.com//20396,1
www.ebay.com//20186,www.ebay.com//20338,1
www.ebay.com//19240,www.ebay.com//20396,1
www.ebay.com//20338,www.ebay.com//20396,1
www.ebay.com//10106,www.ebay.com//20338,1
www.ebay.com//19240,www.ebay.com//22067,1
www.ebay.com//19240,www.ebay.com//19610,1
www.ebay.com//10106,www.ebay.com//20186,1
www.ebay.com//20186,www.ebay.com//20396,1
www.ebay.com//11368,www.ebay.com//15349,1
www.ebay.com//18898,www.planet-computer.it//153,1
www.ebay.com//18898,www.hardware-planet.it//172,1
www.ebay.com//11368,www.planet-computer.it//153,1
www.ebay.com//15349,www.ebay.com//18898,1
www.ebay.com//15349,www.hardware-planet.it//172,1
www.ebay.com//11368,www.ebay.com//18898,1
www.ebay.com//11368,www.hardware-planet.it//172,1
www.ebay.com//15349,www.planet-computer.it//153,1
www.hardware-planet.it//172,www.planet-computer.it//153,1
www.makingbuyingeasy.co.uk//10,www.ohc24.ch//260,1
ca.pcpartpicker.com//409,www.ohc24.ch//868,1
www.makingbuyingeasy.co.uk//10,www.ohc24.ch//868,1
www.ohc24.ch//260,www.ohc24.ch//868,1
ca.pcpartpicker.com//409,www.ohc24.ch//260,1
ca.pcpartpicker.com//409,www.makingbuyingeasy.co.uk//10,1
www.getprice.com.au//218,www.vology.com//2510,1
www.getprice.com.au//218,www.pcconnection.com//435,1
www.ebay.com//21513,www.pcconnection.com//435,1
www.ebay.com//21513,www.getprice.com.au//218,1
www.ebay.com//21513,www.vology.com//2510,1
www.pcconnection.com//435,www.vology.com//2510,1
www.ebay.com//18572,www.ebay.com//19118,1
ce.yikus.com//147,www.ebay.com//11102,1
catalog.com//514,ce.yikus.com//147,1
catalog.com//514,www.ebay.com//19118,1
ce.yikus.com//147,www.ebay.com//15054,1
www.ebay.com//11102,www.ebay.com//18572,1
ce.yikus.com//147,www.ebay.com//18572,1
catalog.com//514,www.ebay.com//18572,1
www.ebay.com//15054,www.ebay.com//18572,1
www.ebay.com//11102,www.ebay.com//15054,1
catalog.com//514,www.ebay.com//11102,1
catalog.com//514,www.ebay.com//15054,1
ce.yikus.com//147,www.ebay.com//19118,1
www.ebay.com//15054,www.ebay.com//19118,1
www.ebay.com//11102,www.ebay.com//19118,1
ce.yikus.com//193,www.ebay.com//22846,1
catalog.com//587,www.ebay.com//19860,1
ce.yikus.com//193,www.getprice.com.au//350,1
www.ebay.com//19860,www.makingbuyingeasy.co.uk//193,1
www.ebay.com//22846,www.getprice.com.au//350,1
catalog.com//587,www.makingbuyingeasy.co.uk//193,1
www.getprice.com.au//350,www.makingbuyingeasy.co.uk//193,1
catalog.com//587,www.ebay.com//22846,1
www.ebay.com//22846,www.makingbuyingeasy.co.uk//193,1
www.ebay.com//19860,www.ebay.com//22846,1
catalog.com//587,ce.yikus.com//193,1
www.ebay.com//19860,www.getprice.com.au//350,1
ce.yikus.com//193,www.ebay.com//19860,1
catalog.com//587,www.getprice.com.au//350,1
ce.yikus.com//193,www.makingbuyingeasy.co.uk//193,1
www.ebay.com//22615,www.ebay.com//23488,1
www.ebay.com//22615,www.softwarecity.ca//5698,1
www.officedepot.com//269,www.softwarecity.ca//5698,1
www.ebay.com//23488,www.officedepot.com//269,1
catalog.com//333,www.softwarecity.ca//5698,1
www.ebay.com//22615,www.officedepot.com//269,1
catalog.com//292,www.officedepot.com//269,1
catalog.com//333,www.ebay.com//22615,1
catalog.com//292,www.ebay.com//22615,1
catalog.com//292,www.ebay.com//23488,1
catalog.com//333,www.officedepot.com//269,1
catalog.com//333,www.ebay.com//23488,1
www.ebay.com//23488,www.softwarecity.ca//5698,1
catalog.com//292,www.softwarecity.ca//5698,1
catalog.com//292,catalog.com//333,1
www.ebay.com//11846,www.ebay.com//19993,1
www.ebay.com//12324,www.ebay.com//19993,1
www.ebay.com//11846,www.ebay.com//21029,1
www.ebay.com//21029,www.ebay.com//21984,1
www.ebay.com//11846,www.ebay.com//12324,1
www.ebay.com//19993,www.ebay.com//21984,1
www.ebay.com//12324,www.ebay.com//21029,1
www.ebay.com//19993,www.ebay.com//21029,1
www.ebay.com//11846,www.ebay.com//21984,1
www.ebay.com//12324,www.ebay.com//21984,1
www.ebay.com//19530,www.ebay.com//22588,1
www.ebay.com//22435,www.ebay.com//22588,1
www.ebay.com//11936,www.ebay.com//22588,1
www.ebay.com//19530,www.ebay.com//22435,1
www.ebay.com//19530,www.ebay.com//9969,1
www.ebay.com//20738,www.ebay.com//22435,1
www.ebay.com//20738,www.ebay.com//22588,1
www.ebay.com//20738,www.ebay.com//9969,1
www.ebay.com//19530,www.ebay.com//20738,1
www.ebay.com//11936,www.ebay.com//20738,1
www.ebay.com//22435,www.ebay.com//9969,1
www.ebay.com//22588,www.ebay.com//9969,1
www.ebay.com//11936,www.ebay.com//9969,1
www.ebay.com//11936,www.ebay.com//19530,1
www.ebay.com//11936,www.ebay.com//22435,1
www.ebay.com//19090,www.ebay.com//19128,1
www.ebay.com//14582,www.ebay.com//19128,1
catalog.com//545,www.ebay.com//19128,1
www.ebay.com//14582,www.ebay.com//19090,1
catalog.com//545,www.ebay.com//14582,1
www.ebay.com//14582,www.ebay.com//23347,1
www.ebay.com//19090,www.ebay.com//23347,1
www.ebay.com//14582,www.vology.com//2590,1
catalog.com//545,www.vology.com//2590,1
catalog.com//545,www.ebay.com//23347,1
www.ebay.com//19128,www.vology.com//2590,1
www.ebay.com//19128,www.ebay.com//23347,1
catalog.com//545,www.ebay.com//19090,1
www.ebay.com//19090,www.vology.com//2590,1
www.ebay.com//23347,www.vology.com//2590,1
catalog.com//406,www.ebay.com//11900,1
www.ebay.com//11900,www.getprice.com.au//361,1
ca.pcpartpicker.com//397,www.getprice.com.au//361,1
ca.pcpartpicker.com//397,catalog.com//406,1
catalog.com//406,www.getprice.com.au//361,1
ca.pcpartpicker.com//397,www.ebay.com//11900,1
www.ebay.com//20135,www.pcconnection.com//3431,1
catalog.com//499,www.officedepot.com//254,1
www.officedepot.com//172,www.officedepot.com//254,1
www.ebay.com//20135,www.officedepot.com//254,1
www.pcconnection.com//2110,www.pcconnection.com//3431,1
catalog.com//499,www.ebay.com//20135,1
www.officedepot.com//254,www.pcconnection.com//3431,1
www.ebay.com//20135,www.pcconnection.com//2110,1
catalog.com//499,www.pcconnection.com//2110,1
www.officedepot.com//254,www.pcconnection.com//2110,1
www.officedepot.com//172,www.pcconnection.com//2110,1
catalog.com//499,www.pcconnection.com//3431,1
www.officedepot.com//172,www.pcconnection.com//3431,1
www.ebay.com//20135,www.officedepot.com//172,1
catalog.com//499,www.officedepot.com//172,1
www.jrlinton.co.uk//1577,www.officedepot.com//274,1
www.itenergy.co.uk//327,www.jrlinton.co.uk//1577,1
www.mediashopuk.com//98,www.officedepot.com//274,1
www.mediashopuk.com//98,www.xpcpro.com//223,1
www.officedepot.com//274,www.xpcpro.com//223,1
www.itenergy.co.uk//327,www.xpcpro.com//223,1
www.jrlinton.co.uk//1577,www.xpcpro.com//223,1
www.jrlinton.co.uk//1577,www.mediashopuk.com//98,1
www.itenergy.co.uk//327,www.mediashopuk.com//98,1
www.itenergy.co.uk//327,www.officedepot.com//274,1
www.ebay.com//14867,www.getprice.com.au//388,1
www.getprice.com.au//388,www.pc-canada.com//310,1
www.getprice.com.au//388,www.softwarecity.ca//5748,1
www.getprice.com.au//388,www.officedepot.com//169,1
www.ebay.com//18979,www.getprice.com.au//388,1
www.ebay.com//18979,www.officedepot.com//169,1
www.officedepot.com//169,www.vology.com//2451,1
www.pc-canada.com//310,www.softwarecity.ca//5748,1
www.officedepot.com//169,www.pc-canada.com//310,1
www.officedepot.com//169,www.softwarecity.ca//5748,1
www.pc-canada.com//310,www.vology.com//2451,1
www.softwarecity.ca//5748,www.vology.com//2451,1
www.ebay.com//18979,www.pc-canada.com//310,1
www.ebay.com//18979,www.softwarecity.ca//5748,1
www.ebay.com//14867,www.vology.com//2451,1
www.getprice.com.au//388,www.vology.com//2451,1
www.ebay.com//18979,www.vology.com//2451,1
www.ebay.com//14867,www.pc-canada.com//310,1
www.ebay.com//14867,www.softwarecity.ca//5748,1
www.ebay.com//14867,www.officedepot.com//169,1
www.ebay.com//14867,www.ebay.com//18979,1
www.best-deal-items.com//1617,www.jrlinton.co.uk//646,1
www.imldirect.it//213,www.jrlinton.co.uk//646,1
www.ebay.com//19048,www.getprice.com.au//277,1
www.ebay.com//19048,www.jrlinton.co.uk//646,1
www.cleverboxes.com//379,www.getprice.com.au//277,1
www.cleverboxes.com//379,www.jrlinton.co.uk//646,1
www.getprice.com.au//277,www.jrlinton.co.uk//646,1
ca.pcpartpicker.com//339,www.best-deal-items.com//1617,1
www.getprice.com.au//277,www.imldirect.it//213,1
www.cleverboxes.com//379,www.imldirect.it//213,1
www.cleverboxes.com//379,www.ebay.com//19048,1
www.ebay.com//19048,www.imldirect.it//213,1
www.best-deal-items.com//1617,www.getprice.com.au//277,1
www.best-deal-items.com//1617,www.cleverboxes.com//379,1
www.getprice.com.au//277,www.nexus-t.co.uk//125,1
www.ebay.com//19048,www.nexus-t.co.uk//125,1
ca.pcpartpicker.com//339,www.imldirect.it//213,1
ca.pcpartpicker.com//339,www.cleverboxes.com//379,1
www.best-deal-items.com//1617,www.ebay.com//19048,1
ca.pcpartpicker.com//339,www.jrlinton.co.uk//646,1
www.jrlinton.co.uk//646,www.nexus-t.co.uk//125,1
ca.pcpartpicker.com//339,www.nexus-t.co.uk//125,1
www.cleverboxes.com//379,www.nexus-t.co.uk//125,1
www.best-deal-items.com//1617,www.imldirect.it//213,1
www.imldirect.it//213,www.nexus-t.co.uk//125,1
ca.pcpartpicker.com//339,www.ebay.com//19048,1
www.best-deal-items.com//1617,www.nexus-t.co.uk//125,1
ca.pcpartpicker.com//339,www.getprice.com.au//277,1
www.ebay.com//20747,www.makingbuyingeasy.co.uk//148,1
www.ebay.com//18620,www.makingbuyingeasy.co.uk//148,1
www.hardware-planet.it//215,www.makingbuyingeasy.co.uk//148,1
www.cleverboxes.com//298,www.ebay.com//18620,1
www.ebay.com//20747,www.hardware-planet.it//215,1
www.ebay.com//18620,www.ebay.com//20747,1
www.ebay.com//18620,www.hardware-planet.it//215,1
www.cleverboxes.com//298,www.makingbuyingeasy.co.uk//148,1
www.cleverboxes.com//298,www.ebay.com//20747,1
www.cleverboxes.com//298,www.hardware-planet.it//215,1
www.ebay.com//10841,www.ebay.com//20130,1
www.ebay.com//20130,www.jrlinton.co.uk//892,1
ca.pcpartpicker.com//411,www.ebay.com//10841,1
ca.pcpartpicker.com//411,www.jrlinton.co.uk//892,1
www.ebay.com//20130,www.ebay.com//23636,1
www.ebay.com//10841,www.ebay.com//23636,1
www.ebay.com//10841,www.jrlinton.co.uk//892,1
www.ebay.com//23636,www.jrlinton.co.uk//892,1
ca.pcpartpicker.com//411,www.ebay.com//23636,1
ca.pcpartpicker.com//411,www.ebay.com//20130,1
www.kingsfieldcomputers.co.uk//17,www.makingbuyingeasy.co.uk//521,1
www.ebay.com//20620,www.makingbuyingeasy.co.uk//521,1
www.ebay.com//21864,www.kingsfieldcomputers.co.uk//17,1
www.ebay.com//22988,www.makingbuyingeasy.co.uk//521,1
www.ebay.com//20620,www.ebay.com//22988,1
www.ebay.com//22988,www.kingsfieldcomputers.co.uk//17,1
www.ebay.com//21864,www.ebay.com//22988,1
www.ebay.com//21864,www.makingbuyingeasy.co.uk//521,1
www.ebay.com//20620,www.kingsfieldcomputers.co.uk//17,1
www.ebay.com//16732,www.makingbuyingeasy.co.uk//521,1
www.ebay.com//16732,www.kingsfieldcomputers.co.uk//17,1
www.ebay.com//16732,www.ebay.com//21864,1
www.ebay.com//16732,www.ebay.com//22988,1
www.ebay.com//20620,www.ebay.com//21864,1
www.ebay.com//16732,www.ebay.com//20620,1
www.ebay.com//11261,www.ebay.com//23459,1
www.ebay.com//23459,www.shopmania.com//63,1
www.ebay.com//23459,www.makingbuyingeasy.co.uk//137,1
www.ebay.com//11261,www.ebay.com//22624,1
www.ebay.com//22624,www.makingbuyingeasy.co.uk//137,1
www.ebay.com//11261,www.makingbuyingeasy.co.uk//137,1
www.makingbuyingeasy.co.uk//137,www.shopmania.com//63,1
www.ebay.com//11261,www.shopmania.com//63,1
www.ebay.com//22624,www.ebay.com//23459,1
www.ebay.com//22624,www.shopmania.com//63,1
ce.yikus.com//581,www.ebay.com//21238,1
www.ebay.com//14350,www.ebay.com//22851,1
ce.yikus.com//581,www.ebay.com//14350,1
ce.yikus.com//581,www.ebay.com//22851,1
www.ebay.com//15498,www.ebay.com//22851,1
www.ebay.com//14350,www.ebay.com//15498,1
www.ebay.com//21238,www.ebay.com//22851,1
ce.yikus.com//581,www.ebay.com//15498,1
www.ebay.com//14350,www.ebay.com//21238,1
www.ebay.com//15498,www.ebay.com//21238,1
www.ebay.com//14533,www.ebay.com//22437,1
www.ebay.com//14533,www.ebay.com//22684,1
www.ebay.com//22437,www.ebay.com//22684,1
www.ebay.com//23694,www.shopmania.com//26,1
www.ebay.com//22684,www.shopmania.com//26,1
www.ebay.com//14533,www.ebay.com//23694,1
www.ebay.com//22437,www.shopmania.com//26,1
www.ebay.com//22437,www.ebay.com//23694,1
www.ebay.com//22684,www.ebay.com//23694,1
www.ebay.com//14533,www.shopmania.com//26,1
www.ohc24.ch//450,www.shopmania.com//669,1
www.ebay.com//14731,www.nexus-t.co.uk//50,1
www.ebay.com//14731,www.shopmania.com//669,1
www.ebay.com//14731,www.ohc24.ch//450,1
www.cleverboxes.com//301,www.nexus-t.co.uk//50,1
www.ebay.com//14731,www.getprice.com.au//264,1
www.cleverboxes.com//301,www.ohc24.ch//450,1
www.nexus-t.co.uk//50,www.shopmania.com//669,1
www.getprice.com.au//264,www.shopmania.com//669,1
www.cleverboxes.com//301,www.getprice.com.au//264,1
www.cleverboxes.com//301,www.shopmania.com//669,1
www.cleverboxes.com//301,www.ebay.com//19378,1
www.ebay.com//14731,www.ebay.com//19378,1
www.ebay.com//19378,www.shopmania.com//669,1
www.cleverboxes.com//301,www.ebay.com//14731,1
www.ebay.com//19378,www.nexus-t.co.uk//50,1
www.getprice.com.au//264,www.nexus-t.co.uk//50,1
www.ebay.com//19378,www.ohc24.ch//450,1
www.nexus-t.co.uk//50,www.ohc24.ch//450,1
www.ebay.com//19378,www.getprice.com.au//264,1
www.getprice.com.au//264,www.ohc24.ch//450,1
www.ebay.com//21004,www.nexus-t.co.uk//4,1
www.cleverboxes.com//514,www.nexus-t.co.uk//4,1
www.ebay.com//18773,www.ebay.com//21004,1
www.ebay.com//18773,www.nexus-t.co.uk//4,1
www.cleverboxes.com//514,www.ebay.com//21004,1
www.cleverboxes.com//514,www.ebay.com//18773,1
www.cleverboxes.com//514,www.officedepot.com//153,1
www.nexus-t.co.uk//4,www.officedepot.com//153,1
www.ebay.com//18773,www.officedepot.com//153,1
www.ebay.com//21004,www.officedepot.com//153,1
www.cleverboxes.com//480,www.mrhightech.com//129,1
www.ebay.com//22011,www.mrhightech.com//129,1
ce.yikus.com//528,www.mrhightech.com//129,1
ce.yikus.com//528,www.cleverboxes.com//480,1
ce.yikus.com//528,www.hardware-planet.it//53,1
ce.yikus.com//528,www.ebay.com//22011,1
www.ebay.com//22011,www.hardware-planet.it//53,1
www.hardware-planet.it//53,www.mrhightech.com//129,1
www.cleverboxes.com//480,www.hardware-planet.it//53,1
www.cleverboxes.com//480,www.ebay.com//22011,1
www.ebay.com//18926,www.ebay.com//18991,1
www.ebay.com//19302,www.ebay.com//9430,1
www.ebay.com//18926,www.ebay.com//19302,1
www.ebay.com//18991,www.ebay.com//9430,1
www.ebay.com//18926,www.ebay.com//9430,1
www.ebay.com//18991,www.ebay.com//19498,1
www.ebay.com//19498,www.ebay.com//9430,1
www.ebay.com//19302,www.ebay.com//19498,1
www.ebay.com//18991,www.ebay.com//19302,1
www.ebay.com//18926,www.ebay.com//19498,1
www.ebay.com//20357,www.ebay.com//23682,1
www.ebay.com//19744,www.ebay.com//23682,1
www.ebay.com//20357,www.makingbuyingeasy.co.uk//430,1
www.makingbuyingeasy.co.uk//140,www.makingbuyingeasy.co.uk//430,1
www.cleverboxes.com//460,www.ebay.com//20357,1
www.ebay.com//23682,www.makingbuyingeasy.co.uk//140,1
www.cleverboxes.com//460,www.makingbuyingeasy.co.uk//140,1
www.ebay.com//19744,www.ebay.com//20357,1
www.ebay.com//20357,www.makingbuyingeasy.co.uk//140,1
www.ebay.com//23682,www.makingbuyingeasy.co.uk//430,1
www.cleverboxes.com//388,www.ebay.com//20357,1
www.cleverboxes.com//388,www.ebay.com//19744,1
www.cleverboxes.com//460,www.ebay.com//23682,1
www.ebay.com//19744,www.makingbuyingeasy.co.uk//430,1
www.ebay.com//19744,www.makingbuyingeasy.co.uk//140,1
www.cleverboxes.com//460,www.ebay.com//19744,1
www.cleverboxes.com//388,www.makingbuyingeasy.co.uk//430,1
www.cleverboxes.com//388,www.cleverboxes.com//460,1
www.cleverboxes.com//388,www.ebay.com//23682,1
www.cleverboxes.com//460,www.makingbuyingeasy.co.uk//430,1
www.cleverboxes.com//388,www.makingbuyingeasy.co.uk//140,1
ca.pcpartpicker.com//405,www.getprice.com.au//187,1
www.getprice.com.au//187,www.nexus-t.co.uk//27,1
www.makingbuyingeasy.co.uk//660,www.nexus-t.co.uk//27,1
ca.pcpartpicker.com//405,www.nexus-t.co.uk//27,1
ca.pcpartpicker.com//405,www.makingbuyingeasy.co.uk//660,1
www.getprice.com.au//187,www.makingbuyingeasy.co.uk//660,1
www.ohc24.ch//332,www.ohc24.ch//673,1
www.ebay.com//21318,www.ohc24.ch//797,1
www.ebay.com//19960,www.odsi.co.uk//142,1
www.ebay.com//19960,www.pcconnection.com//414,1
www.odsi.co.uk//142,www.softwarecity.ca//5877,1
www.pcconnection.com//2086,www.softwarecity.ca//5877,1
www.ebay.com//14777,www.softwarecity.ca//5877,1
www.ebay.com//14777,www.pcconnection.com//2086,1
www.ebay.com//19960,www.softwarecity.ca//5877,1
www.ebay.com//19960,www.pcconnection.com//2086,1
www.ebay.com//14777,www.ebay.com//19960,1
www.pcconnection.com//2086,www.pcconnection.com//414,1
www.pcconnection.com//414,www.softwarecity.ca//5877,1
www.ebay.com//14777,www.pcconnection.com//414,1
www.ebay.com//14777,www.odsi.co.uk//142,1
www.odsi.co.uk//142,www.pcconnection.com//2086,1
www.odsi.co.uk//142,www.pcconnection.com//414,1
www.best-deal-items.com//2738,www.best-deal-items.com//642,1
www.best-deal-items.com//2393,www.best-deal-items.com//750,1
www.ohc24.ch//116,www.ohc24.ch//777,1
ca.pcpartpicker.com//630,www.ohc24.ch//239,1
www.ebay.com//19292,www.ebay.com//21857,1
www.best-deal-items.com//1378,www.ebay.com//15284,1
catalog.com//265,www.odsi.co.uk//151,1
ca.pcpartpicker.com//149,www.odsi.co.uk//61,1
ca.pcpartpicker.com//305,www.odsi.co.uk//47,1
www.ebay.com//21148,www.ebay.com//21532,1
www.ebay.com//20994,www.ebay.com//21532,1
www.ebay.com//20994,www.ebay.com//21148,1
www.ebay.com//21532,www.ebay.com//21852,1
www.ebay.com//20994,www.ebay.com//21852,1
www.ebay.com//21148,www.ebay.com//21852,1
www.ebay.com//21989,www.ebay.com//23045,1
www.ebay.com//14956,www.ebay.com//21989,1
www.ebay.com//14956,www.ebay.com//23045,1
www.ebay.com//16297,www.ebay.com//20276,1
www.ebay.com//20583,www.ebay.com//21294,1
www.ebay.com//22401,www.ebay.com//23750,1
www.ebay.com//20389,www.ebay.com//21861,1
www.ebay.com//18823,www.ebay.com//23071,1
www.ebay.com//19585,www.ebay.com//22481,1
www.pcconnection.com//3169,www.pcconnection.com//332,1
