{
    "<page title>": "Philips Philips 273V5LHSB 273V5LHSB 00 Planet Computer.it",
    "ac power in": "Si",
    "altezza": "398 mm",
    "altezza con supporto": "471 mm",
    "altezza imballo": "482 mm",
    "altre caratteristiche quantit\u00e0 1 source datasheet": "Condizioni ambientali\nIntervallo temperatura di funzionamento 0 - 40 \u00b0C\nIntervallo di temperatura -20 - 60 \u00b0C\nRange di umidit\u00e0 di funzionamento 20 - 80 %",
    "angolo di visualizzazione orizzontale": "170 \u00b0",
    "angolo di visualizzazione verticale": "160 \u00b0",
    "blocco cavo": "Kensington",
    "certificazione": "RoHS, Lead-free, Mercury Free",
    "certificazione energy star": "Si",
    "classe efficienza energetica": "Non specificato",
    "colore del prodotto": "Nero",
    "colori del display": "16.77 M",
    "compatibile con montaggio vesa": "100 x 100 mm",
    "conforme agli standard": "BSMI, CE Mark, FCC Class B, GOST, PSB, SASO, SEMKO, TCO certified, TUV/ISO9241-307, cETLus, WEEE",
    "conformit\u00e0 epeat": "Argento",
    "consumi": "23.14 W",
    "consumi modalit\u00e0 spento": "0.3 W",
    "consumi modalit\u00e0 standby": "0.5 W",
    "dimensione visibile orizzontale": "597.88 mm",
    "dimensione visibile verticale": "336.31 mm",
    "dimensioni schermo": "68.6 cm",
    "dot pitch": "0.311 x 0.311 mm",
    "formato": "16:9",
    "frequenza di ingresso": "50/60 Hz",
    "inclinazione regolabile": "Si",
    "indicatori led": "Operation, Stand-by",
    "interruttore integrato": "Si",
    "intervallo di scansione verticale": "56 - 75 Hz",
    "intervallo di temperatura": "-20 - 60 \u00b0C",
    "intervallo temperatura di funzionamento": "0 - 40 \u00b0C",
    "larghezza": "646 mm",
    "larghezza con supporto": "646 mm",
    "larghezza imballo": "698 mm",
    "lingue osd": "CHI (SIMPL), CZE, DEU, DUT, ENG, ESP, FIN, FRE, HUN, ITA, JPN, KOR, POL, POR, RUS, SWE, TUR, UKR",
    "luminosit\u00e0 schermo": "300 cd/m\u00b2",
    "montabile a parete": "Si",
    "mtbf": "30.000 h",
    "on screen display osd": "Si",
    "peso": "4 kg",
    "peso incluso imballo": "6.17 kg",
    "peso prodotto con supporto": "4.53 kg",
    "plug  play": "Si",
    "profondit\u00e0": "57 mm",
    "profondit\u00e0 con supporto": "240 mm",
    "profondit\u00e0 imballo": "139 mm",
    "quantit\u00e0": "1",
    "quantit\u00e0 porte hdmi": "1",
    "quantit\u00e0 porte vga dsub": "1",
    "range di scansione orizzontale": "30 - 83 kHz",
    "range di umidit\u00e0 di funzionamento": "20 - 80 %",
    "rapporto di contrasto": "1000:1",
    "rapporto di contrasto dinamico": "10000000:1",
    "risoluzione": "1920 x 1080 Pixels",
    "schermo srgb": "Si",
    "source datasheet": ".",
    "sync hv separato": "Si",
    "syncongreen sog": "Si",
    "tecnologia display": "LCD/TFT",
    "tempo di risposta": "5 ms",
    "tipologia di retroilluminazione": "W-LED",
    "tipologia display": "LED",
    "tipologia hd": "Full HD",
    "voltaggio di ingresso": "100 - 240 V"
}