{
    "<page title>": "Philips Philips 223V5LHSB 223V5LHSB 00 Planet Computer.it",
    "ac power in": "Si",
    "altezza": "316 mm",
    "altezza con supporto": "376 mm",
    "altezza imballo": "414 mm",
    "altitudine di funzionamento": "0 - 3658 m",
    "altitudine di nonfunzionamento": "0 - 12192 m",
    "altoparlanti incorporati": "N",
    "angolo di visualizzazione orizzontale": "170 \u00b0",
    "angolo di visualizzazione verticale": "160 \u00b0",
    "area di visualizzazione effettiva": "476.64 x 268.11 mm",
    "blocco cavo": "Kensington",
    "bluetooth": "N",
    "certificazione": "RoHS, BSMI, CE, FCC B, GOST, PSB, SASO, SEMKO, TCO, TUV/ISO9241-307, cETLus, WEEE",
    "certificazione energy star": "Si",
    "classe efficienza energetica": "Non specificato",
    "collegamento ethernet lan": "N",
    "colore": "N",
    "colore del prodotto": "Nero",
    "colori del display": "16.77 M",
    "compatibile con montaggio vesa": "100 x 100 mm",
    "compatibilit\u00e0 3d": "N",
    "compatibilit\u00e0 sistema operativo mac": "Si",
    "condizioni ambientali": "Altitudine di non-funzionamento 0 - 12192 m\nIntervallo temperatura di funzionamento 0 - 40 \u00b0C\nIntervallo di temperatura -20 - 60 \u00b0C\nRange di umidit\u00e0 di funzionamento 20 - 80 %\nAltitudine di funzionamento 0 - 3658 m",
    "conformit\u00e0 epeat": "Argento",
    "connessione wlan": "N",
    "consumi": "15.85 W",
    "consumi modalit\u00e0 spento": "0.5 W",
    "consumi modalit\u00e0 standby": "0.5 W",
    "dimensione visibile diagonale": "546 mm",
    "dimensione visibile orizzontale": "476.64 mm",
    "dimensione visibile verticale": "268.11 mm",
    "dimensioni imballo lxpxa": "555 x 107 x 414 mm",
    "dimensioni lxpxa con base": "503 x 213 x 376 mm",
    "dimensioni schermo": "54.6 cm",
    "dot pitch": "0.248 x 0.248 mm",
    "formato": "16:9",
    "fotocamera integrata": "N",
    "frequenza di ingresso": "50/60 Hz",
    "frequenza scansione orizzontale": "30 - 83 kHz",
    "frequenza scansione verticale": "56 - 76 Hz",
    "girevole": "N",
    "hdcp": "Si",
    "inclinazione": "-5 - 20 \u00b0",
    "inclinazione regolabile": "Si",
    "indicatore led alimentazione": "Si",
    "indicatori led": "Si",
    "interruttore integrato": "Si",
    "intervallo di temperatura": "-20 - 60 \u00b0C",
    "intervallo temperatura di funzionamento": "0 - 40 \u00b0C",
    "larghezza": "503 mm",
    "larghezza con supporto": "503 mm",
    "larghezza imballo": "555 mm",
    "led standby": "Si",
    "lettore di schede integrato": "N",
    "lingue osd": "CZE, DEU, DUT, ENG, ESP, FIN, FRE, HUN, ITA, JPN, KOR, POL, POR, SWE, TUR, UKR",
    "luminosit\u00e0 schermo": "250 cd/m\u00b2",
    "montabile a parete": "Si",
    "mtbf": "30000 h",
    "numero di lingue osd": "19",
    "on screen display osd": "Si",
    "peso": "2.35 kg",
    "peso incluso imballo": "3.87 kg",
    "peso prodotto con supporto": "2.61 kg",
    "pictureinpicture": "N",
    "plug  play": "Si",
    "porta dvi": "N",
    "profondit\u00e0": "50 mm",
    "profondit\u00e0 con supporto": "213 mm",
    "profondit\u00e0 imballo": "107 mm",
    "quantit\u00e0 porte hdmi": "1",
    "quantit\u00e0 porte vga dsub": "1",
    "range di umidit\u00e0 di funzionamento": "20 - 80 %",
    "rapporto di contrasto": "1000:1",
    "rapporto di contrasto dinamico": "10000000:1",
    "regolazione altezza": "N",
    "risoluzione": "1920 x 1080 Pixels",
    "risoluzioni grafiche supportate": "1920 x 1080 (HD 1080)",
    "rotazione": "N",
    "schermo srgb": "Si",
    "sintonizzatore tv integrato": "N",
    "sistema operativo windows supportato": "Windows 7 Home Basic, Windows 7 Home Basic x64, Windows 7 Home Premium, Windows 7 Home Premium x64, Windows 7 Professional, Windows 7 Professional x64, Windows 7 Starter, Windows 7 Starter x64, Windows 7 Ultimate, Windows 7 Ultimate x64, Windows 8",
    "source datasheet": ".",
    "sync hv separato": "Si",
    "syncongreen sog": "Si",
    "tempo di risposta": "5 ms",
    "thin client installato": "N",
    "thin client thin client installato n": "Dimensioni e peso\nProfondit\u00e0 (con supporto) 213 mm\nAltezza (con supporto) 376 mm\nLarghezza (con supporto) 503 mm\nLarghezza imballo 555 mm\nAltezza imballo 414 mm\nProfondit\u00e0 imballo 107 mm\nPeso prodotto con supporto 2.61 kg\nProfondit\u00e0 50 mm\nLarghezza 503 mm\nAltezza 316 mm\nPeso incluso imballo 3.87 kg\nPeso 2.35 kg",
    "tipi schede di memoria": "N",
    "tipologia display": "LED",
    "tipologia hd": "Full HD",
    "voltaggio di ingresso": "100 - 240 V"
}