{
    "<page title>": "Philips Philips 221B3LPCB 02 LED display 221B3LPCB 02 Planet Computer.it",
    "altezza": "323 mm",
    "altezza con supporto": "480 mm",
    "altezza imballo": "361 mm",
    "altoparlante  cuffia  spinotto di uscita": "1",
    "altoparlanti incorporati": "Si",
    "angolo di visualizzazione orizzontale": "176 \u00b0",
    "angolo di visualizzazione verticale": "170 \u00b0",
    "blocco cavo": "Kensington",
    "certificazione": "BSMI, CE-Zeichen, FCC, GOST, SEMKO, TCO 5.1, T\u00dcV/GS, T\u00dcV Ergo, UL/cUL RoHS",
    "certificazione energy star": "Si",
    "classe efficienza energetica": "Non specificato",
    "collegamento ethernet lan": "N",
    "colore del prodotto": "Nero",
    "colori del display": "16.77 M",
    "common interface plus ci": "N",
    "compatibile con montaggio vesa": "100 x 100 mm",
    "condizioni ambientali": "Intervallo temperatura di funzionamento 0 - 40 \u00b0C\nIntervallo di temperatura -20 - 60 \u00b0C\nRange di umidit\u00e0 di funzionamento 20 - 80 %",
    "conformit\u00e0 epeat": "Oro",
    "connessione wlan": "N",
    "consumi": "17.8 W",
    "consumi modalit\u00e0 standby": "0.1 W",
    "dimensione visibile orizzontale": "476.6 mm",
    "dimensione visibile verticale": "268.1 mm",
    "dimensioni schermo": "54.6 cm",
    "dot pitch": "0.248 x 0.248 mm",
    "fotocamera integrata": "N",
    "frequenza di ingresso": "50/60 Hz",
    "hdcp": "Si",
    "hdmi": "N",
    "inclinazione": "-5 - 20 \u00b0",
    "inclinazione regolabile": "Si",
    "ingresso audio": "Si",
    "ingresso audio per pc": "Si",
    "interfaccia comune": "N",
    "intervallo di scansione verticale": "56 - 75 Hz",
    "intervallo di temperatura": "-20 - 60 \u00b0C",
    "intervallo temperatura di funzionamento": "0 - 40 \u00b0C",
    "larghezza": "507 mm",
    "larghezza con supporto": "507 mm",
    "larghezza imballo": "568 mm",
    "lettore di schede integrato": "N",
    "lingue osd": "CHI (SIMPL), DEU, ENG, ESP, FRE, ITA, POR, RUS",
    "luminosit\u00e0 schermo": "250 cd/m\u00b2",
    "montabile a parete": "Si",
    "mtbf": "30000 h",
    "numero di altoparlanti": "2",
    "numero di lingue osd": "8",
    "on screen display osd": "Si",
    "peso": "3.4 kg",
    "peso incluso imballo": "7.12 kg",
    "peso prodotto con supporto": "5.3 kg",
    "plug  play": "Si",
    "potenza in uscita rms": "3 W",
    "profondit\u00e0": "59 mm",
    "profondit\u00e0 con supporto": "227 mm",
    "profondit\u00e0 imballo": "186 mm",
    "quantit\u00e0 porte dvid": "1",
    "quantit\u00e0 porte usb 20": "2",
    "quantit\u00e0 porte vga dsub": "1",
    "range di scansione orizzontale": "30 - 83 kHz",
    "range di umidit\u00e0 di funzionamento": "20 - 80 %",
    "rapporto di contrasto": "1000:1",
    "rapporto di contrasto dinamico": "20000000:1",
    "regolazione altezza": [
        "110 mm",
        "Si"
    ],
    "risoluzione": "1920 x 1080 Pixels",
    "risoluzioni grafiche supportate": "1920 x 1080 (HD 1080)",
    "rotazione": "Si",
    "schermo srgb": "Si",
    "sintonizzatore tv integrato": "N",
    "source datasheet": ".",
    "sync hv separato": "Si",
    "syncongreen sog": "Si",
    "tempo di risposta": "5 ms",
    "thin client installato": "N",
    "thin client thin client installato n": "Connettivit\u00e0\nCommon interface Plus (CI+) N\nInterfaccia comune N\nIngresso audio per PC Si\nQuantit\u00e0 porte DVI-D 1\nQuantit\u00e0 porte VGA (D-Sub) 1\nAltoparlante / Cuffia / spinotto di uscita 1\nQuantit\u00e0 porte USB 2.0 2\nUscita audio Si\nIngresso audio Si",
    "tipi schede di memoria": "N",
    "tipologia di retroilluminazione": "W-LED",
    "tipologia display": "LED",
    "tipologia hd": "Full HD",
    "uscita audio": "Si",
    "voltaggio di ingresso": "100 - 240 V",
    "webcam girevole": "N"
}