{
    "<page title>": "OHC24 Shop : Monitor > Monitor search help > NEC E243WMI LED60.96CM 24IN ANA/DI 61 cm (24\")/ 1.920 x 60003682",
    "aspect ratio": "Widescreen - 16:9",
    "brightness": "250 cd/m2",
    "colour": "White",
    "colour support": "16.7 million colours",
    "compliant standards": "DDC-2B, VESA DPMS, DDC/CI, RoHS, ISO 9241-307, TCO Displays 6.0",
    "contrast ratio": "1000:1 / 25000:1 (dynamic)",
    "device type": "LED-backlit LCD monitor - 23.8\"",
    "dimensions wxdxh": "55.78 cm x 21.39 cm x 37.96 cm - with stand",
    "display position adjustments": "Height, pivot (rotation), swivel, tilt",
    "environmental standards": "ENERGY STAR Qualified",
    "input connectors": "DVI-D, VGA, DisplayPort",
    "manufacturer warranty": "3 years warranty",
    "native resolution": "FullHD 1920 x 1080",
    "panel type": "IPS",
    "pixel pitch": "0.28 mm",
    "product description": "NEC MultiSync E243WMI-WH - LED monitor - 23.8\"",
    "response time": "6 ms",
    "weight": "6.3 kg"
}