{
    "<page title>": "OHC24 Shop : Monitor > Monitor search help > Asus VS248H 24W TN LED 1920X1080 250CD/IN 2MS 90LME3101Q00041C",
    "aspect ratio": "Widescreen - 16:9",
    "brightness": "250 cd/m2",
    "colour": "Black",
    "colour support": "16.7 million colours",
    "compliant standards": "UL, VCCI, C-Tick, BSMI, cUL, WHQL, CB, CCC, PSB, FCC, RoHS, WEEE, GOST-R, J-MOSS, ErP Ready",
    "contrast ratio": "50000000:1 (dynamic)",
    "device type": "LED-backlit LCD monitor - 24\"",
    "dimensions wxdxh": "57.3 cm x 20.6 cm x 41.2 cm - with stand",
    "display position adjustments": "Tilt",
    "environmental standards": "ENERGY STAR Qualified",
    "input connectors": "HDMI, DVI-D, VGA",
    "manufacturer warranty": "3 years warranty",
    "native resolution": "FullHD 1920 x 1080",
    "pixel pitch": "0.2768 mm",
    "product description": "ASUS VS248H - LED monitor - 24\"",
    "response time": "2 ms",
    "weight": "4.1 kg"
}