{
    "<page title>": "OHC24 Shop : Monitor > Monitor search help > Dell - E2414H 860-10215",
    "aspect ratio": "Widescreen - 16:9",
    "brightness": "250 cd/m2",
    "colour": "Black",
    "colour support": "16.7 million colours",
    "compliant standards": "Plug and Play, RoHS, CEL, TCO Displays",
    "contrast ratio": "1000:1",
    "device type": "LED-backlit LCD monitor - 24\"",
    "dimensions wxdxh": "57.09 cm x 16.42 cm x 41.83 cm - with stand",
    "display position adjustments": "Tilt",
    "environmental standards": "ENERGY STAR Qualified",
    "input connectors": "DVI-D, VGA",
    "manufacturer warranty": "3 years warranty",
    "microsoft certification": "Compatible with Windows 7",
    "native resolution": "FullHD 1920 x 1080 at 60 Hz",
    "panel type": "TN",
    "pixel pitch": "0.27 mm",
    "product description": "Dell E2414H - LED monitor - 24\"",
    "response time": "5 ms (black-to-white)",
    "screen coating": "Anti-glare, 3H Hard Coating",
    "weight": "4.48 kg"
}