{
    "<page title>": "OHC24 Shop : Monitor > Monitor search help > Elo Touch Solutions 1519L >  15.6-INCH LCD >  ITOUCH >  DUAL E114849",
    "aspect ratio": "Widescreen - 16:9",
    "brightness": "225 cd/m2",
    "builtin devices": "Touch-screen , stereo speakers",
    "colour": "Black",
    "colour support": "16.7 million colours",
    "compliant standards": "UL, VCCI, BSMI, cUL, NOM, CB, CCC, RoHS, WEEE, S Mark",
    "contrast ratio": "500:1",
    "device type": "LCD monitor - 15.6\"",
    "dimensions wxdxh": "38.3 cm x 21.3 cm x 27.7 cm - with stand",
    "display position adjustments": "Pivot (rotation), tilt",
    "input connectors": "VGA",
    "localisation": "EMEA",
    "manufacturer warranty": "3 years warranty",
    "native resolution": "1366 x 768 at 60 Hz",
    "product description": "Elo 1519L - LCD monitor - 15.6\"",
    "response time": "8 ms",
    "speakers": "Internal",
    "weight": "5.1 kg"
}