{
    "<page title>": "OHC24 Shop : Monitor > 80 Zoll and greater > LG Electronics Display 84\" 84WS70MS E-LED",
    "diagonal size": "84\"",
    "diagonal size cm": "213.36 cm",
    "dimensions wxdxh": "192.3 cm x 10.1 cm x 110.94 cm - without stand",
    "display format": "4K UHDTV (2160p)",
    "features": "3H Hard Coating",
    "hdcp compatible": "Yes",
    "image aspect ratio": "16:9",
    "lcd backlight technology": "LED backlight",
    "manufacturer warranty": "3 years warranty",
    "pc interface": "DVI, VGA (HD-15), DisplayPort",
    "power": "AC 120/230 V ( 47 - 63 Hz )",
    "power consumption operational": "350 Watt",
    "product description": "LG 84WS70MS - 84\" LED-backlit LCD flat panel display",
    "product type": "LED-backlit LCD flat panel display",
    "remote control": "Remote control",
    "resolution": "3840 x 2160",
    "targeting": "Commercial use",
    "technology": "AH-IPS",
    "tv tuner": "No tuner",
    "usb port": "Yes",
    "video interface": "HDMI",
    "video wall components qty": "25",
    "weight": "72.9 kg"
}