{
    "<page title>": "OHC24 Shop : Monitor > Monitor search help > Elo - 1715L AccuTouch E603162",
    "aspect ratio": "5:4",
    "brightness": "200 cd/m2",
    "builtin devices": "Touch-screen",
    "colour": "Dark grey",
    "colour support": "16.7 million colours",
    "compliant standards": "UL, TUV GS, VCCI, C-Tick, cUL, IC, FCC, RoHS",
    "contrast ratio": "800:1",
    "device type": "LCD monitor - 17\"",
    "dimensions wxdxh": "39.1 cm x 20.3 cm x 36.6 cm",
    "input connectors": "VGA",
    "manufacturer warranty": "3 years warranty",
    "native resolution": "1280 x 1024 at 75 Hz",
    "product description": "Elo 1715L AccuTouch - LCD monitor - 17\"",
    "response time": "25 ms",
    "weight": "6.9 kg"
}