{
    "<page title>": "OHC24 Shop : Monitor > Monitor search help > Samsung Monitor 21.5\"S.master S22C650D LS22C65UDC/EN",
    "aspect ratio": "Widescreen - 16:9",
    "brightness": "250 cd/m2",
    "builtin devices": "USB Hub",
    "colour": "Matte black",
    "colour support": "16.7 million colours",
    "compliant standards": "TUV, C-Tick, GOST, EN55022, NEMKO, NOM, PCBC, SASO, SIQ, EN55024, CISPR 22, CCC, PSB, AS/NZS 3548, IRAM, UL 60950-1, IEC 60950-1, EN 60950-1, CSA C22.2 No. 60950-1, FCC Part 15 B Class A, VCCI V-3, KC, GB 9254-2008, GB 4943-2001 PSB, NOM-019-SCFI-1993 IRAM, GB 17625.1-2003 EMC, K60950-1, KCC KN22, KCC KN24",
    "contrast ratio": "1000:1 / 5000000:1 (dynamic)",
    "device type": "LED-backlit LCD monitor - 21.5\"",
    "dimensions wxdxh": "50.43 cm x 21 cm x 36.035 cm - with stand",
    "display position adjustments": "Height, pivot (rotation), swivel, tilt",
    "environmental standards": "ENERGY STAR Qualified",
    "input connectors": "DVI-D, VGA, DisplayPort",
    "manufacturer warranty": "3 years warranty",
    "native resolution": "FullHD 1920 x 1080",
    "panel type": "AD-PLS",
    "pixel pitch": "0.24825 mm",
    "product description": "Samsung S22C650D - LED monitor - 21.5\"",
    "response time": "5 ms (grey-to-grey)",
    "weight": "4.75 kg"
}