{
    "<page title>": "3M 17 Inch MicroTouch Display M1700SS 11 91378 225 | UK | Ebay Items | Best Deal Items | Auctions | Free Shipping | Goods | Services | Wholesales | Retail | Trade",
    "cables included": "USB, VGA",
    "certification": "FCC B, CE, UL/cUL, C-Tick, CCC. RoHS",
    "colour of product": "Black",
    "condition": "Item type:",
    "contrast ratio typical": "800:1",
    "country": "Category",
    "display brightness": "300 cd/m",
    "display diagonal": "431.8 mm (17 \")",
    "display type": "TFT",
    "display viewable area hxv": "337.9 x 270.3 mm",
    "input voltage": "12 V",
    "interface type": "USB",
    "item sort": "Sort order:",
    "minimum bid count": "Maximum bid count:",
    "minimum price": "Maximum price:",
    "number of colours": "16.2 M",
    "operating temperature range tt": "0 - 40 C",
    "payment method": "Show Items:",
    "pixel pitch": "0.264 x 0.264 mm",
    "power consumption typical": "40 W",
    "power supply type": "DC",
    "response time": "9 ms",
    "storage temperature range tt": "-10 - 60 C",
    "usb 20 ports quantity": "1",
    "vesa mounting interfaces compatibility": "100 x 100 mm",
    "vga dsub ports quantity": "1",
    "viewing angle horizontal": "80",
    "viewing angle vertical": "80",
    "wall mountable": "Yes"
}