{
    "<page title>": "NEC MultiSync E171M BK 17\" 1,000:1 5ms VGA/DVI LED LCD Monitor, W/Speaker  5B91 | UK | Ebay Items | Best Deal Items | Auctions | Free Shipping | Goods | Services | Wholesales | Retail | Trade",
    "aspect ratio": "5:4",
    "brightness typical": "250cd/m2",
    "condition": "Item type:",
    "contrast ratio typical": "1000:1",
    "country": "Category",
    "item sort": "Sort order:",
    "minimum bid count": "Maximum bid count:",
    "minimum price": "Maximum price:",
    "native resolution": "1280 x 1024",
    "not": "accept returns without prior authorization and an RMA number. Once issued, RMA numbers are valid for 15 days in which must be returned to Mwave. RMA numbers will not be extended or reissued. Customer should prominently display the RMA number(s) on the shipping label of boxes containing the returned product.",
    "panel technology": "TN",
    "payment method": "Show Items:",
    "pixel pitch": "0.26mm",
    "viewing angle typical": "170\u00c3\u0082\u00c2\u00b0 Vert., 170\u00c3\u0082\u00c2\u00b0 Hor. (85U/85D/85L/85R) CR>5"
}