{
    "<page title>": "Samsung S22C200B 21 5\" LED LCD Monitor 16 9 5 MS SASS22C200B 887276007748 | eBay",
    "aspect ratio": "16:9",
    "backlight technology": "LED",
    "brightness": "250 Nit",
    "condition": "New: A brand-new, unused, unopened, undamaged item in its original packaging (where packaging is\napplicable). Packaging should be the same as what is found in a retail store, unless the item is handmade or was packaged by the manufacturer in non-retail packaging, such as an unprinted box or plastic bag. See the seller's listing for full details.\nSee all condition definitions- opens in a new window or tab\n... Read moreabout the condition\nBrand:\nSamsung",
    "contrast ratio": "1000",
    "display technology": "LED LCD",
    "green compliance certificateauthority": "EPEAT Gold, TCO, ENERGY STAR",
    "green compliant": "Yes",
    "max. resolution": "1920 x 1080",
    "mfg model": "SASS22C200B",
    "model": "SC200",
    "mount type": "Wall Mountable",
    "mpn": "S22C200B",
    "number of screens": "1",
    "product family": "200",
    "product type": "LCD Monitor",
    "response time": "22 ms",
    "screen mode": "Full HD",
    "screen size": "21.5\"",
    "unit of measure": "1 EA",
    "upc": "887276007748",
    "vesa mount compatible": "Yes"
}