{
    "<page title>": "NEC Display MultiSync EX231W BK 23\" LED LCD Monitor with Vukunet SYNX2838561 805736035926 | eBay",
    "adjustable display angle": "Yes",
    "aspect ratio": "16:9",
    "backlight technology": "LED",
    "brand name": "NEC Display",
    "brightness": "250 Nit",
    "color supported": "16.7 Million Colors",
    "condition": "New: A brand-new, unused, unopened, undamaged item in its original packaging (where packaging is\napplicable). Packaging should be the same as what is found in a retail store, unless the item is handmade or was packaged by the manufacturer in non-retail packaging, such as an unprinted box or plastic bag. See the seller's listing for full details.\nSee all condition definitions- opens in a new window or tab\n... Read moreabout the condition\nBrand:\nNEC",
    "contrast ratio": "1000",
    "display technology": "LED LCD",
    "displayport": "Yes",
    "green compliant": "Yes",
    "hdcp supported": "Yes",
    "max. resolution": "1920 x 1080",
    "mfg model": "SYNX2838561",
    "model": "EX231W",
    "mpn": "EX231W-BK",
    "number of screens": "1",
    "product family": "MultiSync",
    "product type": "LCD Monitor",
    "response time": "5 ms",
    "screen mode": "Full HD",
    "screen size": "23\"",
    "unit of measure": "EA",
    "upc": "805736035926",
    "vesa mount": "Allowing the installation of the panel in various mounting solutions.",
    "vesa mount compatible": "Yes",
    "video inputs": "DVI-I"
}