{
    "<page title>": "Dell UltraSharp U2413 24\" LED LCD Monitor 16 10 6 MS Adjustable Display An 5397063213634 | eBay",
    "aspect ratio": "16:10",
    "condition": "New: A brand-new, unused, unopened, undamaged item in its original packaging (where packaging is\napplicable). Packaging should be the same as what is found in a retail store, unless the item is handmade or was packaged by the manufacturer in non-retail packaging, such as an unprinted box or plastic bag. See the seller's listing for full details.\nSee all condition definitions- opens in a new window or tab\n... Read moreabout the condition\nBrand:\nDell",
    "contrast ratio": "1000",
    "display technology": "LED LCD",
    "max resolution": "1920 x 1200",
    "model": "U2413",
    "mpn": "U2413",
    "response time": "6 ms",
    "screen size": "24\"",
    "upc": "884116093671"
}