{
    "<page title>": "Asus VS238H P 23\" LED Backlit LCD Monitor w HDMI 610839380879 | eBay",
    "aspect ratio": "16:9",
    "brightness": "250 cd/m\u00c2\u00b2",
    "condition": "New: A brand-new, unused, unopened, undamaged item in its original packaging (where packaging is\napplicable). Packaging should be the same as what is found in a retail store, unless the item is handmade or was packaged by the manufacturer in non-retail packaging, such as an unprinted box or plastic bag. See the seller's listing for full details.\nSee all condition definitions- opens in a new window or tab\n... Read moreabout the condition\nBrand:\nASUS",
    "display technology": "IPS",
    "features": "Headphone Jack",
    "max. resolution": "1920 x 1080",
    "model": "VS239H-P",
    "mpn": "VS239H-P",
    "response time": "5 ms",
    "screen size": "23\"",
    "system": "Desktop",
    "upc": "610839380879",
    "video inputs": "HDMI Standard, DVI-D, VGA D-Sub"
}