{
    "<page title>": "Dell UltraSharp U2410 24\"Widescreen 1920x1200 LCD Flat Panel LCD TFT IPS Monitor | eBay",
    "aspect ratio": "16:10",
    "brand": "Dell",
    "brightness": "400 cd/m\u00c2\u00b2",
    "contrast ratio": "1000",
    "display technology": "LCD",
    "ease of ownership": "In addition to being easy to set up and maintain, your Dell UltraSharp 24\" monitor arrives with several levels of support to help protect your investment.",
    "features": "USB Hub",
    "max resolution": "1920 x 1200",
    "model": "U2410",
    "mpn": "320-8277",
    "precise vivid industrystandard color": "Thanks to PremierColor technology, the Dell UltraSharp U2410 monitor delivers reliable, true-to-life color without the need for extensive calibration.",
    "response time": "6 ms",
    "screen size": "24\"",
    "superb user experience": "The Dell UltraSharp U2410 monitor is packed with features that make it easy to connect and a pleasure to use, no matter how much screen time you log.",
    "system": "Desktop",
    "uncompromising screen performance": "Designed to handle graphics-intensive applications with ease, this high-performance 24\" monitor delivers stunning detail, depth and responsiveness.",
    "video inputs": "DVI-D"
}