{
    "<page title>": "15' Touch Screen LCD Monitor 3M Microtouch M150 Display Black POS Restaurant Bar | eBay",
    "additional mpn": "41-81375-227, 41-95569-405",
    "analog video input connector": "1 x 15 Pin D-Sub connector",
    "aspect ratio": "4:3",
    "brand": "3M",
    "color support": "18-bit Color, 24-bit (16.7M Colors)",
    "contrast ratio": "350:1",
    "display technology": "LCD, Touch Screen LCD",
    "form factor": "Desktop",
    "input device": "Touch Screen",
    "max viewing angle horizontal": "150\u00b0",
    "max viewing angle vertical": "135\u00b0",
    "maximum resolution": "1024 x 768",
    "model": "M150",
    "monitor color": "Black",
    "monitor platform source": "PC",
    "product line": "3M MicroTouch",
    "refresh rate": "75 Hz",
    "regulatory approval": "C-TICK, CCC, CE, FCC Class B, UL, VCCI, cUL",
    "response time": "25 ms",
    "screen size": "15\""
}