{
    "<page title>": "Asus VE278H 27\" LED LCD Monitor 16 9 2 MS 886227253838 | eBay",
    "adjustable display angle": "Yes",
    "aspect ratio": "16:9",
    "backlight technology": "LED",
    "condition": "New: A brand-new, unused, unopened, undamaged item in its original packaging (where packaging is\napplicable). Packaging should be the same as what is found in a retail store, unless the item is handmade or was packaged by the manufacturer in non-retail packaging, such as an unprinted box or plastic bag. See the seller's listing for full details.\nSee all condition definitions- opens in a new window or tab\n... Read moreabout the condition",
    "depth": "2.3\"",
    "features": [
        "Splendid Video Intelligence Technology",
        "Security Lock"
    ],
    "green compliance certificateauthority": "Energy Star",
    "hdcp supported": "Yes",
    "horizontal viewing angle": "170\u00c2\u00b0",
    "manufacturer": "ASUS Computer International",
    "marketing information": "<p><b>True-to-life Pictures Powered by LED</b></p",
    "mount type": "Wall Mountable",
    "number of screens": "1",
    "product name": "VE278H Widescreen LCD Monitor",
    "product type": "LCD Monitor",
    "response time": "2 ms",
    "screen mode": "Full HD",
    "screen size": "27\"",
    "speakers": "Yes",
    "standby power consumption": "500 mW",
    "vertical viewing angle": "160\u00c2\u00b0",
    "vga": "Yes",
    "weight (approximate)": "13.23 lb"
}