{
    "<page title>": "Dell S2340M 23\" LED 1920x1080 Full HD Widescreen Monitor 884116096993 | eBay",
    "aspect ratio": "16:9",
    "brightness": "250 cd/m2 (typical)",
    "color support": "Color Gamut (typical): 82%\nColor Depth: 16.7 million colors",
    "condition": "New: A brand-new, unused, unopened, undamaged item in its original packaging (where packaging is\napplicable). Packaging should be the same as what is found in a retail store, unless the item is handmade or was packaged by the manufacturer in non-retail packaging, such as an unprinted box or plastic bag. See the seller's listing for full details.\nSee all condition definitions- opens in a new window or tab\n... Read moreabout the condition\nBrand:\nDell",
    "contrast ratio": "1000",
    "dimensions hxwxd": "With Stand: 15.70x20.95x6.92\" / 398.78x532.13x175.77mm",
    "display technology": "LED LCD",
    "max. resolution": "1920 x 1080",
    "maximum resolution": "1920 x 1080 at 60 Hz",
    "mpn": "391-10025",
    "panel backlight": "LED",
    "panel type": "In-plane switching, glossy",
    "pixel pitch": "0.265 mm",
    "power consumption": "19 W",
    "response time": "7 ms",
    "response time typical": "7 ms with overdrive (gray to gray)",
    "security": "Security lock slot",
    "stand": "Tilt",
    "system": "Desktop",
    "upc": "884116096993",
    "video inputs": "DVI-D",
    "weight": "Without Stand Assembly: 6.50lbs / 2.95kg\nWith Stand Assembly: 10.91lbs / 4.95kg"
}