{
    "<page title>": "Allen Bradley 2711 K3A17L1 A PanelView 300 Monochrome Key RS232 DF1 FRN 4 20 | eBay",
    "description": "Allen-Bradley 2711-K3A17L1 PanelView 300 Monochrome 3-inch Terminal, Keypad, RS-232 (DF1) Communication, DC Power Supply, Series A",
    "manufacturer": "Rockwell Automation",
    "mfr part number": "2711-K3A17L1/A",
    "miscellaneous": "Allen-Bradley 2711-K3A17L1 does not have a printer port.",
    "specifications": "Display Area (WxH): 73 x 42 mm (2.87 x 1.67 in); Resolution: 128 x 64; Backlight: 100 000 h LED backlight life; Real-time Clock: Battery-back clock time stamps critical data; Application Software: PanelBuilder32; Application Memory: 170 K Application Runtime; 240 K Flash; ATA Memory Card: N/A; Input Voltage, DC: 18-32V DC."
}