{
    "<page title>": "Free SHIP Samsung S22C200B 21 5 inch Widescreen 1 000 1 5ms VGA DVI LED LCD 887276007748 | eBay",
    "aspect ratio": "16:9",
    "condition": "New: A brand-new, unused, unopened, undamaged item in its original packaging (where packaging is\napplicable). Packaging should be the same as what is found in a retail store, unless the item is handmade or was packaged by the manufacturer in non-retail packaging, such as an unprinted box or plastic bag. See the seller's listing for full details.\nSee all condition definitions- opens in a new window or tab\n... Read moreabout the condition\nBrand:\nSamsung",
    "contrast ratio": "1000",
    "display technology": "LED LCD",
    "max resolution": "1920 x 1080",
    "model": "SC200",
    "mpn": "S22C200B",
    "response time": "22 ms",
    "upc": "887276007748"
}