{
    "<page title>": "ELO 1919L 19\" Desktop Touch Screen Display ET1919L Auwa 1 GY G 7411493164156 | eBay",
    "aspect ratio": "16:9",
    "brand": "Elo",
    "brightness": "250 cd/m\u00c2\u00b2",
    "condition": "Seller refurbished: An item that has been restored to working order by the eBay seller or a third party not approved by\nthe manufacturer. This means the item has been inspected, cleaned, and repaired to full working order and is in excellent condition. This item may or may not be in original packaging. See the seller\u00e2\u0080\u0099s listing for full details.\nSee all condition definitions- opens in a new window or tab\n... Read moreabout the condition",
    "contrast ratio": "1000:1",
    "display technology": "LCD",
    "features": "Built-In Speakers, Touchscreen",
    "max. resolution": "1680 x 1050",
    "model": "1919L",
    "mpn": "ET1919L-AUWA-1-GY-G",
    "response time": "5 ms",
    "screen size": "19\"",
    "system": "Desktop",
    "video inputs": "VGA D-Sub"
}