{
    "<page title>": "Allen Bradley 2711P T6M20D D PanelView Plus 600 Gray Touch RS232 Warranty Qty | eBay",
    "description": "Allen-Bradley 2711P-T6M20D PanelView Plus 600 Grayscale Terminal 5.5-inch, Touch Screen, Ethernet, RS-232 and Modular Communication Interface, DC Power, Series D",
    "manufacturer": "Rockwell Automation",
    "mfr part number": "2711P-T6M20D/D",
    "miscellaneous": "The PanelView Plus 400 and 600 terminals combine a 4 or 6-inch display, logic module, memory, and power (AC or DC) together in the base unit. The PanelView Plus 600 displays are grayscale (320 x 240) or color with either keypad, analog touch screen or keypad/touch screen input. Plus, these terminals offer additional features - unique mounting mechanism requiring only a single die-cut and no special tools for installation, replaceable bezel ID, function key legend kit.",
    "specifications": "Allen-Bradley 2711P-T6C20D 5.5 inch Grayscale Display, 64MB Flash/ 64MB RAM, 24V DC Power, Built-in RS232 & Ethernet, USB port and CF card slot."
}