{
    "<page title>": "ELO 1928L 19\" LCD Touchscreen Monitor 5 4 20 MS IGRMPQ6369 7411493021428 | eBay",
    "adjustable display angle": "Yes",
    "aspect ratio": "5:4",
    "brand name": "Elo",
    "brightness": "300 Nit",
    "built-in devices": "Speaker",
    "color supported": "16.7 Million Colors",
    "condition": "New: A brand-new, unused, unopened, undamaged item in its original packaging (where packaging is\napplicable). Packaging should be the same as what is found in a retail store, unless the item is handmade or was packaged by the manufacturer in non-retail packaging, such as an unprinted box or plastic bag. See the seller's listing for full details.\nSee all condition definitions- opens in a new window or tab\n... Read moreabout the condition\nUnit of Measure:\nEA",
    "contrast ratio": "1,300:1",
    "ean": "7411493311666",
    "maximum resolution": "1280 x 1024",
    "response time": "20 ms",
    "screen size": "19\"",
    "speakers": "Yes",
    "touchscreen": "Yes",
    "touchscreen type": "IntelliTouch Surface Wave",
    "vesa mount compatible": "Yes"
}