{
    "<page title>": "Asus VE278H 886227253838 | eBay",
    "aspect ratio": "16:9",
    "brand": "ASUS",
    "condition": "Used: An item that has been used previously. The item may have some signs of cosmetic wear, but is fully\noperational and functions as intended. This item may be a floor model or store return that has been used. See the seller\u00e2\u0080\u0099s listing for full details and description of any imperfections.\nSee all condition definitions- opens in a new window or tab\n... Read moreabout the condition",
    "features": "Built-In Speakers",
    "model": "VE Series",
    "response time": "2 ms",
    "screen size": "27\"",
    "system": "Desktop"
}