{
    "<page title>": "HP W1907 19\" Widescreen LCD Monitor with Built in Speakers DVI Port VGA Port 882780774636 | eBay",
    "brand": "HP",
    "condition": "Used: An item that has been used previously. The item may have some signs of cosmetic wear, but is fully\noperational and functions as intended. This item may be a floor model or store return that has been used. See the seller\u00e2\u0080\u0099s listing for full details and description of any imperfections.\nSee all condition definitions- opens in a new window or tab\n... Read moreabout the condition",
    "display technology": "LCD",
    "features": "Built-In Speakers",
    "model": "W1907",
    "screen size": "19\"",
    "video inputs": "DVI"
}