{
    "<page title>": "Samsung SyncMaster 740N s 17\" LCD Monitor 1280 x 1024 M 26 0420 729507709024 | eBay",
    "aspect ratio": "5:4",
    "brand": "Samsung",
    "brightness": "300 cd/m\u00c2\u00b2",
    "contrast ratio": "600",
    "display technology": "LCD",
    "dot acceptable": "TFT LCD panels manufactured by using advanced semiconductor technology with precision of 1ppm are used for this product. But the pixels of red, green, blue and white color appear to be bright sometimes or some black pixels may be seen. This is not from bad quality and you can use it without any problems.",
    "max resolution": "1280 x 1024",
    "model": "740N",
    "mpn": "LS17HAATS",
    "plug and play capability": "This monitor can be installed on any Plug and Play compatible system. The interaction of the monitor and the computer systems will provide the best operating conditions and monitor settings. In most cases, the monitor installation will proceed automatically, unless the user wishes to select alternate settings.",
    "powersaver": "This monitor has a built-in power management system called PowerSaver. This system saves energy by switching your monitor to low-power mode when it has not been used for a certain amount of time. The monitor automatically returns to normal operation when you press a key on the keyboard. For energy conservation, turn your monitor off when it is not needed, or when leaving it unattended for long periods.",
    "response time": "8 ms",
    "screen size": "17\"",
    "system": "Desktop",
    "upc": "729507709024"
}