{
    "<page title>": "Apple A1081 20\" Cinema Display LCD Monitor w Power Supply A1096 0718908806999 | eBay",
    "additional mpn": "A1081, M9177LL/A, M9178B/A, m9177lla",
    "aspect ratio": "16:10, 16:9",
    "brand": "Apple",
    "brightness": "400 cd/m\u00c2\u00b2",
    "color support": "24-bit (16.7M Colors)",
    "condition": "Used: An item that has been used previously. The item may have some signs of cosmetic wear, but is fully\noperational and functions as intended. This item may be a floor model or store return that has been used. See the seller\u00e2\u0080\u0099s listing for full details and description of any imperfections.\nSee all condition definitions- opens in a new window or tab\n... Read moreabout the condition\nBrand:\nApple",
    "contrast ratio": "400:1",
    "digital video input standard": "DVI",
    "display technology": "LCD",
    "features": "USB Hub",
    "form factor": "Desktop",
    "max viewing angle horizontal": "170\u00c2\u00b0",
    "max viewing angle vertical": "170\u00c2\u00b0",
    "max. resolution": "1680 x 1050",
    "maximum resolution": "1680 x 1050",
    "model": "M9177LL/A",
    "monitor color": "Silver",
    "monitor platform source": "PC, Mac",
    "mpn": "M9177LL/A",
    "product line": "Apple Cinema",
    "refresh rate": "60 Hz",
    "regulatory approval": "BSMI, CSA, CSA-C22.2 No. 60950 3rd. Ed., EN 60950, EN55022 Class B, EN55024, EPA, Energy star, FCC Class B, FCC Part 15, IEC 60950, ISO 13406-2 (Pixel defect guidelines), MPR-, MPR-II, TCO-03, UL, UL 60950 3rd. Ed., VCCI Class B",
    "response time": "16 ms",
    "screen size": "20\"",
    "system": "Desktop",
    "upc": "0718908806999",
    "video inputs": "DVI"
}