{
    "<page title>": "AOC I2367FH 23\" LED Monitor 16 9 5ms 1920x1080 250 NIT HDMI VGA Speaker 685417053988 | eBay",
    "analog input": "RGB D-Sub",
    "aspect ratio": "16:9",
    "brightness": "250 cd/m\u00c2\u00b2",
    "brightness typical": "250 cd/m2",
    "builtin stereo speakers": "Yes / 4W",
    "colors supported": "> 16 Million",
    "condition": "New: A brand-new, unused, unopened, undamaged item in its original packaging (where packaging is\napplicable). Packaging should be the same as what is found in a retail store, unless the item is handmade or was packaged by the manufacturer in non-retail packaging, such as an unprinted box or plastic bag. See the seller's listing for full details.\nSee all condition definitions- opens in a new window or tab\n... Read moreabout the condition\nBrand:\nAOC",
    "contrast ratio": "50000000:1",
    "digital input": "HDMI with HDCP",
    "display technology": "LED LCD",
    "energy star compliant": "Yes",
    "epeat rated": "Yes",
    "features": "Built-In Speakers",
    "max. resolution": "1920 x 1080",
    "model": "I2367Fh",
    "optimum resolution": "1920 x 1080 , 60Hz",
    "response time": "5 ms",
    "screen size": "23\"",
    "system": "Desktop",
    "upc": "685417053988",
    "viewable image size": "23\" (16:9)"
}