{
    "<page title>": "HP W1907 19\" Widescreen LCD Monitor with Built in Speakers 882780774636 | eBay",
    "aspect ratio": "16:10, 16:9",
    "brightness": "300 cd/m\u00c2\u00b2",
    "condition": "For parts or not working: An item that does not function as intended and is not fully operational. This includes items that\nare defective in ways that render them difficult to use, items that require service or repair, or items missing essential components. See the seller\u00e2\u0080\u0099s listing for full details.\nSee all condition definitions- opens in a new window or tab\n... Read moreabout the condition\nBrand:\nHP",
    "contrast ratio": "1000",
    "display technology": "LCD",
    "features": "Built-In Speakers",
    "max. resolution": "1440 x 900",
    "model": "W1907",
    "mpn": "RK283AA#ABA",
    "response time": "5 ms",
    "screen size": "19\"",
    "system": "Desktop",
    "upc": "882780774636",
    "video inputs": "DVI-D"
}