{
    "<page title>": "HP W2072A 20\" LED LCD Monitor 16 9 5 MS 886112925628 | eBay",
    "aspect ratio": "16:9",
    "backlight technology": "LED",
    "condition": "New: A brand-new, unused, unopened, undamaged item in its original packaging (where packaging is\napplicable). Packaging should be the same as what is found in a retail store, unless the item is handmade or was packaged by the manufacturer in non-retail packaging, such as an unprinted box or plastic bag. See the seller's listing for full details.\nSee all condition definitions- opens in a new window or tab\n... Read moreabout the condition",
    "country of origin": "China",
    "depth": "6.7\"",
    "green compliance certificateauthority": "CECP",
    "manufacturer": "Hewlett-Packard",
    "marketing information": "<p><b>Sophisticated quality, without the sophisti",
    "number of screens": "1",
    "product name": "W2072a 20 inch Diagonal LCD Monitor",
    "product type": "LCD Monitor",
    "screen mode": "WSXGA",
    "standby power consumption": "500 mW",
    "vertical viewing angle": "50\u00c2\u00b0",
    "vga": "Yes",
    "weight (approximate)": "7.72 lb"
}