{
    "<page title>": "New Dell P2314T Touchscreen 23\" Widescreen LED LCD Monitor | eBay",
    "aspect ratio": "16:9",
    "brightness": "270 cd/m\u00c2\u00b2",
    "condition": "New: A brand-new, unused, unopened, undamaged item in its original packaging (where packaging is\napplicable). Packaging should be the same as what is found in a retail store, unless the item is handmade or was packaged by the manufacturer in non-retail packaging, such as an unprinted box or plastic bag. See the seller's listing for full details.\nSee all condition definitions- opens in a new window or tab\n... Read moreabout the condition\nBrand:\nDell",
    "contrast ratio": "1000",
    "countryregion of manufacture": "United States",
    "display technology": "LED LCD",
    "features": "Touchscreen",
    "max. resolution": "1920 x 1080",
    "model": "P2314T",
    "mpn": "859-BBBC",
    "response time": "8 ms",
    "screen size": "23\"",
    "video inputs": "DisplayPort,HDMI Standard,VGA D-Sub"
}