{
    "<page title>": "Dell E1913S 19\" LED LCD Monitor 5 4 5 MS Adjustable Display Angle 100177134536 | eBay",
    "aspect ratio": "5:4",
    "brightness": "250 cd/m\u00c2\u00b2",
    "condition": "New: A brand-new, unused, unopened, undamaged item in its original packaging (where packaging is\napplicable). Packaging should be the same as what is found in a retail store, unless the item is handmade or was packaged by the manufacturer in non-retail packaging, such as an unprinted box or plastic bag. See the seller's listing for full details.\nSee all condition definitions- opens in a new window or tab\n... Read moreabout the condition\nBrand:\nDell",
    "contrast ratio": "1000",
    "display technology": "LED LCD",
    "max. resolution": "1280 x 1024",
    "model": "E1913S",
    "mpn": "469-3132",
    "response time": "5 ms",
    "screen size": "19\"",
    "system": "Desktop",
    "upc": "884116087441",
    "video inputs": "VGA D-Sub"
}