{
    "<page title>": "ELO 1919L 19\" LCD Touchscreen Monitor 16 9 5 MS IGRMLJ9316 7411493164156 | eBay",
    "aspect ratio": "16:9",
    "brand name": "Elo",
    "brightness": "250 Nit",
    "built-in devices": "Speaker",
    "color supported": "16.7 Million Colors",
    "condition": "New: A brand-new, unused, unopened, undamaged item in its original packaging (where packaging is\napplicable). Packaging should be the same as what is found in a retail store, unless the item is handmade or was packaged by the manufacturer in non-retail packaging, such as an unprinted box or plastic bag. See the seller's listing for full details.\nSee all condition definitions- opens in a new window or tab\n... Read moreabout the condition\nUnit of Measure:\nEA",
    "contrast ratio": "1,000:1",
    "ean": "7411493250804",
    "green compliant": "Yes",
    "limited warranty": "3 Year",
    "maximum resolution": "1366 x 768",
    "mount type": "Arm-mountable, Desk Mountable, Wall Mountable",
    "response time": "5 ms",
    "screen size": "19\"",
    "speakers": "Yes",
    "touchscreen type": "Surface Acoustic Wave"
}