{
    "<page title>": "NEC Display MultiSync EA223WM 22 LED LCD Monitor 16 10 5 MS Adjustable Di 805736039757 | eBay",
    "adjustable display angle": "Yes",
    "adjustable display height": "Yes",
    "adjustable display pivot": "Yes",
    "aspect ratio": "16:10",
    "audio": "Speakers Yes",
    "backlight technology": "LED",
    "brand name": "NEC Display",
    "brightness": "250 cd/m\u00c2\u00b2",
    "builtin devices": "Built-in Devices Speaker\nUSB Hub",
    "certifications  standards": "ISO 9241-307 Class I",
    "color supported": "16.7 Million Colors",
    "condition": "New: A brand-new, unused, unopened, undamaged item in its original packaging (where packaging is\napplicable). Packaging should be the same as what is found in a retail store, unless the item is handmade or was packaged by the manufacturer in non-retail packaging, such as an unprinted box or plastic bag. See the seller's listing for full details.\nSee all condition definitions- opens in a new window or tab\n... Read moreabout the condition\nBrand:\nNEC",
    "contrast ratio": "1000",
    "depth": "2.4\"",
    "depth with stand": "8.60\"",
    "display technology": "LED LCD",
    "displayport": "Yes",
    "dvi": "Yes",
    "features": "AccuColor\nAmbient Light Sensor\nCarbon Footprint Meter\nSecurity Lock",
    "general information": "Marketing Information Equip your desktop with high-performance, advanced technologies and a full feature set with the 22\" NEC MultiSync EA223WM, a widescreen, eco-friendly display ideal for corporate users. The LED backlighting of the EA223WM allows for a slimmer profile, lighter weight and increased power savings compared to previous generation models. It offers touch-sensitive controls that are integrated into the bezel, making display adjustments easier and more intuitive than ever. Smart sensing technology automatically detects your work conditions to determine the proper display brightness with ambient light and human sensors. A comprehensive input panel, including DisplayPort, DVI-D and VGA, connects users to the latest peripherals and future-proofs the investment.",
    "green compliance certificateauthority": "ENERGY STAR 5.1\nEPEAT Silver\nRoHS\nTCO Certified Displays 5.2",
    "hdcp supported": "Yes",
    "height": "13\"",
    "horizontal viewing angle": "178\u00c2\u00b0",
    "interfacesports": "VGA Yes",
    "manufacturer": "NEC Display Solutions",
    "manufacturer part number": "EA223WM-BK",
    "max. resolution": "1680 x 1050",
    "maximum resolution": "1680 x 1050",
    "miscellaneous": "Green Compliant Yes",
    "model": "EA223WM-BK",
    "mpn": "EA223WM-BK",
    "number of screens": "1",
    "package contents": "22\" LED-Backlit Desktop Monitor W/Adjustable StandAdjustable StandSetup SheetUser ManualPower Cord15-pin D-Sub CableDVI-D CableUSB CableAudio CableControlSync Cable",
    "physical characteristics": "Height with Stand 20.20\"",
    "power description": "Operating Power Consumption 25 W",
    "product line": "MultiSync",
    "product model": "EA223WM",
    "product name": "22\" LED-Backlit Desktop Monitor W/Adjustable Stand",
    "product series": "EA",
    "product type": "LCD Monitor",
    "response time": "5 ms",
    "screen mode": "WSXGA+",
    "screen size": "22\"",
    "standard refresh rate": "75 Hz",
    "standby power consumption": "400 mW",
    "technical information": "Screen Size 22\"",
    "upc": "805736039757",
    "usb": "Yes",
    "usb standard": "USB 2.0",
    "vertical viewing angle": "178\u00c2\u00b0",
    "vesa mount compatible": "Yes",
    "vesa mount standard": "100 x 100",
    "video": "Brightness 250 Nit",
    "video inputs": "DVI-D",
    "weight approximate": "7.30 lb",
    "weight with stand approximate": "12.30 lb",
    "width": "19.8\"",
    "width with stand": "19.80\""
}