{
    "<page title>": "Asus VN279Q 27\" LED LCD Monitor 16 9 5 MS | eBay",
    "adjustable display angle": "Yes",
    "aspect ratio": "16:9",
    "audio": "Number of Speakers 2",
    "backlight technology": "LED",
    "brand name": "Asus",
    "builtin devices": "Built-in Devices Speaker",
    "certifications  standards": "EAC logo BSMI CB CCC CE C-Tick CU FCC ISO-9241-307 PSE TUV-GS UkrSEPRO UL/cUL VCCI WHQL",
    "color": "Black",
    "color supported": "16.7 Million Colors",
    "contrast ratio": "100,000,000:1",
    "depth": "7.4\"",
    "displayport": "Yes",
    "features": "Mobile High-Definition Link (MHL)\nMultiScreen\nSecurity Lock\nSplendid Video Intelligence Technology",
    "general information": "Marketing Information Experience a multi-screen solution with a super narrow frame The ASUS VN series features compact dimensions- this 27\" display has a super narrow bezel of just 0.8cm, bringing a broader and better vision without compromising on style and comfort. Its pedestal boasts a sleek concentric circle design and the rear bezel comes with a textured finish that is scratch-proof. The VN279Q is also VESA wall mount compatible, and has the capabilities to turn into a stunning multi-screen solution.\n178?Ultra Wide Viewing Angle VN279Q adopts 178?(H) / 178?(V) ultra wide viewing angle AMVA+ panel that eliminates color shift on your screen no matter where and how you look at it.",
    "green compliance certificateauthority": "China Energy Label (CEL)\nJ-Moss (Japanese RoHS)\nTCO Certified Displays 6.0\nENERGY STAR\nErP\nRoHS\nWEEE",
    "hdcp supported": "Yes",
    "hdmi": "Yes",
    "headphone": "Yes",
    "horizontal viewing angle": "178\u00c2\u00b0",
    "interfacesports": "VGA Yes",
    "manufacturer": "ASUS Computer International",
    "manufacturer part number": "VN279Q",
    "maximum resolution": "1920 x 1080",
    "miscellaneous": "Green Compliant Yes",
    "mount type": "Wall Mountable",
    "number of screens": "1",
    "offmode power consumption": "300 mW",
    "package contents": "VN279Q Widescreen LCD Monitor VGA cable Audio cable Power cord Quick start guide Warranty Card",
    "panel technology": "Advanced-Multi-domain Vertical Alignment (A-MVA)",
    "physical characteristics": "Height 21.1\"",
    "platform supported": "PC",
    "power description": "Operating Power Consumption 35 W",
    "product model": "VN279Q",
    "product name": "VN279Q Widescreen LCD Monitor",
    "product series": "VN",
    "product type": "LCD Monitor",
    "response time": "5 ms",
    "screen mode": "Full HD",
    "speakers": "Yes",
    "standard refresh rate": "75 Hz",
    "standby power consumption": "500 mW",
    "technical information": "Screen Size 27\"",
    "vertical viewing angle": "178\u00c2\u00b0",
    "vesa mount compatible": "Yes",
    "vesa mount standard": "100 x 100",
    "video": "Brightness 300 Nit",
    "width": "27.8\""
}