{
    "<page title>": "Qnix QX2710 LED Evolution II Multi TRUE10 Overclockable 27inch 2560x1440 Monitor | eBay",
    "aspect ratio": "16:9",
    "brand": "QNIX",
    "brightness": "350 cd/m\u00c2\u00b2",
    "color reproduction range": "100%",
    "condition": "New: A brand-new, unused, unopened, undamaged item in its original packaging (where packaging is\napplicable). Packaging should be the same as what is found in a retail store, unless the item is handmade or was packaged by the manufacturer in non-retail packaging, such as an unprinted box or plastic bag. See the seller's listing for full details.\nSee all condition definitions- opens in a new window or tab\n... Read moreabout the condition",
    "contrast ratio": "1000:1",
    "display technology": "LED LCD",
    "dynamic contrast ratio": "2,000,000:1",
    "max. resolution": "2560 x 1440",
    "model": "QX2710 LED Evolution ll Multi TRUE10",
    "response time": "4 ms",
    "screen size": "27\"",
    "video inputs": "DVI-D(Dual Link), HDMI Standard",
    "virtual 4k": "3840 x 2160"
}