{
    "<page title>": "HP W2072A 20\" LED LCD Monitor 16 9 5 MS Adjustable Display Angle 1600 X 886112925628 | eBay",
    "aspect ratio": "16:9",
    "brightness": "200 cd/m\u00c2\u00b2",
    "condition": "New: A brand-new, unused, unopened, undamaged item in its original packaging (where packaging is\napplicable). Packaging should be the same as what is found in a retail store, unless the item is handmade or was packaged by the manufacturer in non-retail packaging, such as an unprinted box or plastic bag. See the seller's listing for full details.\nSee all condition definitions- opens in a new window or tab\n... Read moreabout the condition\nBrand:\nHP",
    "contrast ratio": "600",
    "display technology": "LED LCD",
    "features": "Built-In Speakers",
    "max. resolution": "1600 x 900",
    "model": "W2072a",
    "mpn": "A3M50AA#ABA",
    "response time": "5 ms",
    "screen size": "20\"",
    "system": "Desktop",
    "upc": "886112925628",
    "video inputs": "DVI-D, VGA D-Sub"
}