{
    "<page title>": "Asus VN289H 28\" LED LCD Monitor 16 9 5 MS Adjustable Display Angle | eBay",
    "adjustable display angle": "Yes",
    "aspect ratio": "16:9",
    "backlight technology": [
        "LED",
        "LED"
    ],
    "brand name": "Asus",
    "brightness": [
        "300 Nit",
        "300 Nit",
        "300 Nit\nModel:\nVN289H",
        "300 Nit",
        "300 Nit",
        "300 Nit"
    ],
    "certifications  standards": "BSMICBCCCCEC-TickCUFCCPSEUL/cULVCCIWHQL",
    "color supported": [
        "16.7 Million Colors",
        "16.7 Million Colors",
        "16.7 Million Colors",
        "16.7 Million Colors"
    ],
    "condition": "New: A brand-new, unused, unopened, undamaged item in its original packaging (where packaging is\napplicable). Packaging should be the same as what is found in a retail store, unless the item is handmade or was packaged by the manufacturer in non-retail packaging, such as an unprinted box or plastic bag. See the seller's listing for full details.\nSee all condition definitions- opens in a new window or tab\n... Read moreabout the condition",
    "contrast ratio": [
        "80,000,000:1",
        "80,000,000:1\nBrand:\nASUS",
        "80,000,000:1",
        "80,000,000:1",
        "80,000,000:1"
    ],
    "display technology": "LED LCD",
    "features": [
        "Security Lock",
        "Security Lock",
        "Flicker-free",
        "Reading Mode",
        "Mobile High-Definition Link (MHL)",
        "Game Mode",
        "Trace Free Technology",
        "Splendid Video Intelligence Technology",
        "Mobile High-Definition Link (MHL)",
        "VividPixel Technology",
        "QuickFit",
        "Reading Mode",
        "QuickFit",
        "Eye-Care",
        "Flicker-free",
        "Game Mode",
        "Eye-Care",
        "Splendid Video Intelligence Technology",
        "Trace Free Technology",
        "VividPixel Technology",
        "Eye-Care",
        "Eye-Care",
        "Flicker-free",
        "Flicker-free",
        "Game Mode",
        "Game Mode",
        "Mobile High-Definition Link (MHL)",
        "Mobile High-Definition Link (MHL)",
        "QuickFit",
        "QuickFit",
        "Reading Mode",
        "Reading Mode",
        "Security Lock",
        "Security Lock",
        "Splendid Video Intelligence Technology",
        "Splendid Video Intelligence Technology",
        "Trace Free Technology",
        "Trace Free Technology",
        "VividPixel Technology v",
        "VividPixel Technology",
        "Eye-Care",
        "Flicker-free",
        "Game Mode",
        "Mobile High-Definition Link (MHL)",
        "QuickFit",
        "Reading Mode",
        "Security Lock",
        "Splendid Video Intelligence Technology",
        "Trace Free Technology",
        "VividPixel Technology"
    ],
    "green compliance certificateauthority": [
        "ErP",
        "China Energy Label (CEL)",
        "TCO Certified Displays 6.0",
        "ENERGY STAR 6.0",
        "WEEE",
        "RoHS",
        "MEPS"
    ],
    "green compliant": "Yes",
    "hdcp supported": [
        "Yes",
        "Yes"
    ],
    "horizontal viewing angle": [
        "178\u00c2\u00b0",
        "178\u00c2\u00b0"
    ],
    "manufacturer part number": "VN289H",
    "manufacturer website address": "http://usa.asus.com",
    "manufacturersupplier": "ASUS Computer International",
    "marketing information": "178\u00c2\u00b0 Ultra Wide View with eye-care functionNew Flicker-Free technology by DC adjustment backlighting, which clear the annoying flicker and brings comfort viewing experience.Effectively reducing blue light, we adopt new user modes for visual pleasure.Best for work and play with Full HD 1080p visual quality and 178\u00c2\u00b0 ultra wide viewing angle VA panelASUS VividPixel Technology for crystal-clear and detail-oriented enjoymentMHL (Mobile High-Definition Link) function for Enhanced Viewing from Mobile to Monitor",
    "max resolution": "1920 x 1080",
    "maximum resolution": [
        "1920 x 1080",
        "1920 x 1080",
        "1920 x 1080",
        "1920 x 1080"
    ],
    "mount type": [
        "Wall Mountable",
        "Wall Mountable"
    ],
    "number of screens": "1",
    "number of speakers": "2",
    "package contents": [
        "VN289H Widescreen LCD MonitorVGA CableAudio CablePower CordQuick Start GuideWarranty Card",
        "VN289H Widescreen LCD MonitorVGA CableAudio CablePower CordQuick Start GuideWarranty Card"
    ],
    "panel technology": "Vertical Alignment (VA)",
    "platform supported": [
        "PC",
        "PC",
        "PC"
    ],
    "product model": "VN289H",
    "product name": "VN289H Widescreen LCD Monitor",
    "product type": "LCD Monitor",
    "response time": [
        "5 ms\nMPN:\nVN289H",
        "5 ms",
        "5 ms"
    ],
    "screen mode": [
        "Full HD",
        "Full HD",
        "Full HD"
    ],
    "screen size": [
        "28\"",
        "28\""
    ],
    "speakers": "Yes",
    "standard refresh rate": "75 Hz",
    "tilt angle": "-5\u00c2\u00b0to22\u00c2\u00b0",
    "vertical viewing angle": [
        "178\u00c2\u00b0",
        "178\u00c2\u00b0"
    ],
    "video inputs": "VGA, HDMI",
    "width": "26\""
}