{
    "<page title>": "New Allen Bradley 2711P T7C4D1 A PanelView Plus 700 64MB Flash RAM Warranty | eBay",
    "description": "Allen-Bradley 2711P-T7C4D1 PanelView Plus 700 Color Terminal 6.5 inch, Touch Screen, Standard Communication (Ethernet and RS-232), 64 MB Flash, 64 MB RAM, DC power, Series A",
    "manufacturer": "Rockwell Automation",
    "mfr part number": "2711P-T7C4D1/A",
    "miscellaneous": "Allen Bradley 2711P-T7C4D1 PanelView Plus combines the best features of the PanelView Standard and PanelView \u00e2\u0080\u0098e\u00e2\u0080\u0099 operator interface products, then adds new functionality: trending, expressions, data logging, animation, FactoryTalk View Studio direct browsing of RSLogix 5000 addresses, multi-vendor communications. The 2711PT7C4D1 PanelView Plus is ideal for applications with a need to monitor, control, and display information graphically, allowing operators to quickly understand the status of application.",
    "specifications": "Display: Color Active Matrix TFT; Display Size: 6.5 inch; Resolution: 640 x 480, 18-bit Color Graphics; Software: FactoryTalk View Studio for Machine Edition or Enterprise Series; Memory: 64 MB RAM/64 MB Flash; Touch Screen: Analog resistive; Communication Ports: Ethernet, RS-232, 2 USB; Input Voltage: 18-32V DC (24V DC nominal); Power Consumption: 70 W (2.9 A at 24V DC); Temperature, operating: 0\u00e2\u0080\u00a655 \u00c2\u00b0C (32\u00e2\u0080\u00a6131 \u00c2\u00b0F); Weight: 1.7 kg (3.8 lb); Dimensions (HxWxD): 179x246x55 mm, 7.04x9.68x2.18 in."
}