{
    "<page title>": "Samsung S22D300HY 21 5\" LED LCD Monitor 16 9 5 MS SYNX3802344 | eBay",
    "aspect ratio": "16:9",
    "backlight technology": "LED",
    "brand name": "Samsung",
    "brightness": "200 Nit",
    "color supported": "16.7 Million Colors",
    "condition": "New: A brand-new, unused, unopened, undamaged item in its original packaging (where packaging is\napplicable). Packaging should be the same as what is found in a retail store, unless the item is handmade or was packaged by the manufacturer in non-retail packaging, such as an unprinted box or plastic bag. See the seller's listing for full details.\nSee all condition definitions- opens in a new window or tab\n... Read moreabout the condition\nUnit of Measure:\nEA",
    "contrast ratio": "600:1",
    "green compliance certificateauthority": "ENERGY STAR, EPEAT Gold",
    "green compliant": "Yes",
    "maximum resolution": "1920 x 1080",
    "mfg model": "SYNX3802344",
    "number of screens": "1",
    "response time": "5 ms",
    "screen mode": "Full HD",
    "screen size": "21.5\"",
    "upc": "887276688046"
}