{
    "<page title>": "Dell Monitor E1913S Brand New in SEALED Box 884116087489 | eBay",
    "aspect ratio": "5:4",
    "brand": "Dell",
    "brightness": "250 cd/m\u00c2\u00b2",
    "condition": "New: A brand-new, unused, unopened, undamaged item in its original packaging (where packaging is\napplicable). Packaging should be the same as what is found in a retail store, unless the item is handmade or was packaged by the manufacturer in non-retail packaging, such as an unprinted box or plastic bag. See the seller's listing for full details.\nSee all condition definitions- opens in a new window or tab\n... Read moreabout the condition",
    "contrast ratio": "1000:1",
    "model": "E1913S",
    "response time": "5 ms",
    "screen size": "19\""
}