{
    "<page title>": "Samsung S24C450D TFT Active Matrix 24 inch Monitor 1920 x 1080 887276013510 | eBay",
    "aspect ratio": "16:9",
    "brightness": "250cd/m2",
    "condition": "New: A brand-new, unused, unopened, undamaged item in its original packaging (where packaging is\napplicable). Packaging should be the same as what is found in a retail store, unless the item is handmade or was packaged by the manufacturer in non-retail packaging, such as an unprinted box or plastic bag. See the seller's listing for full details.\nSee all condition definitions- opens in a new window or tab\n... Read moreabout the condition\nBrand:\nSamsung",
    "contrast ratio": "1000",
    "depth": "20.16 Inch",
    "display  color support": "16.7 Million Colors",
    "display diagonal size": "24 Inch",
    "display response time": "5 Ms",
    "display technology": "TFT Active Matrix",
    "display type": "LED Display",
    "energy star compliant": "Y",
    "epeat level": "Silver",
    "height": "8.81 Inch",
    "image contrast ratio": "1000:1",
    "max resolution": "1920 x 1080",
    "mpn": "S24C450D",
    "unspsc code": "43211902",
    "upc": "887276013510",
    "width": "21.84 Inch"
}