{
    "<page title>": "Asus VS238H P 23 LED LCD Monitor 16 9 2 MS Adjustable Display Angle 192 610839380879 | eBay",
    "adjustable display angle": "Yes",
    "aspect ratio": "16:9",
    "backlight technology": "LED",
    "brand name": "Asus",
    "brightness": "250 cd/m\u00c2\u00b2",
    "certifications  standards": "UL/cULCBCEErPFCCCCCBSMIGost-RC-TickVCCIPSBEKJ-MOSSWHQL",
    "color": "Black",
    "color supported": "16.7 Million Colors",
    "condition": "New: A brand-new, unused, unopened, undamaged item in its original packaging (where packaging is\napplicable). Packaging should be the same as what is found in a retail store, unless the item is handmade or was packaged by the manufacturer in non-retail packaging, such as an unprinted box or plastic bag. See the seller's listing for full details.\nSee all condition definitions- opens in a new window or tab\n... Read moreabout the condition\nBrand:\nASUS",
    "contrast ratio": "50,000,000:1",
    "depth": "7.9\"",
    "display technology": "IPS",
    "features": "Headphone Jack",
    "general information": "Marketing Information Superior Image Quality Meets Classic Elegant DesignDelicate touches make a monitor truly great, VS238H Full HD LED monitor, with 50,000,000:1 high contrast ratio and HDMI interface, is optimized for the finest image and color quality. This approach extends to the sturdy stand and slim profile without compromising style in ensuring stability and durability.Splendid Video Intelligence TechnologyThe exclusive Splendid Video Intelligence Technology optimizes video performance and image fidelity by enhancing color, brightness, contrast, and sharpness. 6 preset video modes (Scenery, Theater, Game, Night View, sRGB and Standard) can be selected via a hot key.",
    "green compliance certificateauthority": "WEEE\nENERGY STAR\nRoHS",
    "hdcp supported": "Yes",
    "hdmi": "Yes",
    "horizontal viewing angle": "170\u00c2\u00b0",
    "interfacesports": "VGA Yes",
    "manufacturer": "ASUS Computer International",
    "manufacturer part number": "VS238H-P",
    "max. resolution": "1920 x 1080",
    "maximum resolution": "1920 x 1080",
    "miscellaneous": "Green Compliant Yes",
    "mount type": "Wall Mountable",
    "mpn": "VS239H-P",
    "number of screens": "1",
    "offmode power consumption": "500 mW",
    "package contents": "VS238H-P Widescreen LCD MonitorVGA CableDVI CablePower CordWarranty CardQuick Start Guide",
    "physical characteristics": "Height 15.8\"",
    "platform supported": "PC",
    "power description": "Operating Power Consumption 27 W",
    "product model": "VS238H-P",
    "product name": "VS238H-P Widescreen LCD Monitor",
    "product series": "VS",
    "product type": "LCD Monitor",
    "response time": "5 ms",
    "screen mode": "Full HD",
    "screen size": "23\"",
    "standard refresh rate": "75 Hz",
    "standby power consumption": "500 mW",
    "system": "Desktop",
    "technical information": "Screen Size 23\"",
    "upc": "610839380879",
    "vertical viewing angle": "160\u00c2\u00b0",
    "vesa mount compatible": "Yes",
    "vesa mount standard": "100 x 100",
    "video": "Brightness 250 Nit",
    "video inputs": "HDMI Standard, DVI-D, VGA D-Sub",
    "weight approximate": "7.50 lb",
    "width": "21.7\""
}