{
    "<page title>": "Dell S2440L 24\" Widescreen LED Monitor 8 000 000 1 6MS 1920 x 1080 HDMI 5397063171347 | eBay",
    "aspect ratio": "16:9",
    "brightness": "250 cd/m\u00c2\u00b2",
    "condition": "New: A brand-new, unused, unopened, undamaged item in its original packaging (where packaging is\napplicable). Packaging should be the same as what is found in a retail store, unless the item is handmade or was packaged by the manufacturer in non-retail packaging, such as an unprinted box or plastic bag. See the seller's listing for full details.\nSee all condition definitions- opens in a new window or tab\n... Read moreabout the condition\nBrand:\nDell",
    "contrast ratio": "5000",
    "display technology": "LED LCD",
    "max. resolution": "1920 x 1080",
    "model": "S2440L",
    "mpn": "320-9801",
    "response time": "6 ms",
    "screen size": "24\"",
    "system": "Desktop",
    "upc": "5397063171347"
}