{
    "<page title>": "Asus VS229H P 21 5\" LED Backit LCD Monitor 50 000 000 1 14MS 1920x1080 HDMI 610839394807 | eBay",
    "aspect ratio": "16:9",
    "brightness": "250 cd/m\u00c2\u00b2",
    "condition": "New: A brand-new, unused, unopened, undamaged item in its original packaging (where packaging is\napplicable). Packaging should be the same as what is found in a retail store, unless the item is handmade or was packaged by the manufacturer in non-retail packaging, such as an unprinted box or plastic bag. See the seller's listing for full details.\nSee all condition definitions- opens in a new window or tab\n... Read moreabout the condition\nBrand:\nASUS",
    "display technology": "LED LCD",
    "features": "Headphone Jack",
    "max. resolution": "1920 x 1080",
    "model": "VS229H-P",
    "mpn": "VS229H-P",
    "response time": "5 ms",
    "screen size": "21.5\"",
    "system": "Desktop",
    "upc": "610839394807",
    "video inputs": "DVI-D"
}