{
    "<page title>": "Allen Bradley 2711P T10C4D6 A PanelView Plus 1000 128 MB Flash RAM Warranty | eBay",
    "description": "Allen-Bradley 2711P-T10C4D6 PanelView Plus CE 1000 Color Terminal 10.4 inch, Touch Screen, Standard Communication (Ethernet and RS-232), 128 MB Flash, 128 MB RAM, DC power, Series A",
    "manufacturer": "Rockwell Automation",
    "mfr part number": "2711P-T10C4D6/A",
    "miscellaneous": "The PanelView Plus 2711P-T10C4D6 Series A terminal uses additional modular components allowing for flexible configuration, installation, and upgrades. The field replaceable 10.4-inch flat-panel color displays come with keypad, analog touch screen, or keypad/touch screen input. To meet more stringent environmental conditions, high-bright, conformal-coated, and marine certified display modules are also available.",
    "specifications": "Display Description: Color Active Matrix TFT; Display Size: 10.4 inch; Resolution: 640 x 480, 18-bit Color Graphics; Touch Screen Description: Analog resistive; Communication Ports: Ethernet, RS-232, 2 USB; Input Voltage, DC: 18-32V DC (24V DC nominal)."
}