{
    "<page title>": "Apple Cinema HD Display 23 inch 23\" Widescreen Model A1082 M9178LL A 718908807057 | eBay",
    "additional mpn": "APPLEA1082SILVER, M9178LL/A",
    "aspect ratio": "16:10, 16:9",
    "brand": "Apple",
    "brightness": "400 cd/m\u00c2\u00b2",
    "color support": "24-bit (16.7M Colors)",
    "condition": "Used: An item that has been used previously. The item may have some signs of cosmetic wear, but is fully\noperational and functions as intended. This item may be a floor model or store return that has been used. See the seller\u00e2\u0080\u0099s listing for full details and description of any imperfections.\nSee all condition definitions- opens in a new window or tab\n... Read moreabout the condition\nBrand:\nApple",
    "contrast ratio": "400, 700",
    "digital video input standard": "DVI",
    "display technology": "LCD",
    "form factor": "Desktop",
    "max viewing angle horizontal": "170\u00c2\u00b0",
    "max viewing angle vertical": "170\u00c2\u00b0",
    "maximum resolution": "1920 x 1200",
    "model": "M9178LL/A",
    "monitor color": "Silver",
    "mpn": "M9178LL/A",
    "product line": "Apple Cinema",
    "refresh rate": "60 Hz",
    "regulatory approval": "CSA, Energy Star, Energy star, FCC Class B, ISO 13406-2 (Pixel Defect Guidelines), MPR-, MPR-II, TCO-03, UL, VCC-B",
    "release date": "March, 2002",
    "response time": "16 ms",
    "screen size": "23\"",
    "system": "Desktop",
    "upc": "718908807057",
    "video inputs": "DVI"
}