{
    "<page title>": "Dell UltraSharp U2410 24 inch Widescreen Flat Panel Monitor | eBay",
    "brand": "Dell",
    "condition": "Manufacturer refurbished: An item that has been professionally restored to working order by a manufacturer or\nmanufacturer-approved vendor. This means the product has been inspected, cleaned, and repaired to meet manufacturer specifications and is in excellent condition. This item may or may not be in the original packaging. See the seller\u00e2\u0080\u0099s listing for full details.\nSee all condition definitions- opens in a new window or tab\n... Read moreabout the condition",
    "display technology": "LCD",
    "mpn": "C592M",
    "screen size": "24\"",
    "screensize": "24\"",
    "\u00e2": [
        "Model Dell Flat Panel U2410",
        "Ports VGA, DVI-D, DisplayPort, HDMI, 1x USB Type B, 4x USB Type A",
        "SKU MX0C592M7287523LH0YL",
        "Screen Size 24-inch",
        "Contrast Ratio 41.66736111",
        "Warranty\nThirty (30) Day Warranty / Return Policy\n(Learn More)",
        "Max Resolution 1920 x 1200"
    ]
}