{
    "<page title>": "Asus VS197D P 18 5\" LED LCD Monitor 16 9 5 MS SYNX3060242 610839379095 | eBay",
    "adjustable display angle": "Yes",
    "aspect ratio": "16:9",
    "backlight technology": "LED",
    "brand name": "Asus",
    "brightness": "250 Nit",
    "color supported": "16.7 Million Colors",
    "condition": "New: A brand-new, unused, unopened, undamaged item in its original packaging (where packaging is\napplicable). Packaging should be the same as what is found in a retail store, unless the item is handmade or was packaged by the manufacturer in non-retail packaging, such as an unprinted box or plastic bag. See the seller's listing for full details.\nSee all condition definitions- opens in a new window or tab\n... Read moreabout the condition\nBrand:\nASUS",
    "contrast ratio": "50,000,000:1",
    "display technology": "LCD",
    "green compliance certificateauthority": "Energy Star, RoHS, WEEE",
    "green compliant": "Yes",
    "max. resolution": "1366 x 768",
    "mfg model": "SYNX3060242",
    "model": "VS197D",
    "mount type": "Wall Mountable",
    "mpn": "VS197D-P",
    "number of screens": "1",
    "product family": "VS",
    "response time": "5 ms",
    "screen mode": "WXGA",
    "screen size": "18.5\"",
    "unit of measure": "EA",
    "upc": "610839379095",
    "vesa mount compatible": "Yes"
}