{
    "<page title>": "Free SHIP Samsung S24C450D 24 inch Widescreen 1 000 1 5ms VGA DVI DisplayPort 887276013510 | eBay",
    "aspect ratio": "16:9",
    "brightness": "250 cd/m\u00c2\u00b2",
    "condition": "New: A brand-new, unused, unopened, undamaged item in its original packaging (where packaging is\napplicable). Packaging should be the same as what is found in a retail store, unless the item is handmade or was packaged by the manufacturer in non-retail packaging, such as an unprinted box or plastic bag. See the seller's listing for full details.\nSee all condition definitions- opens in a new window or tab\n... Read moreabout the condition\nBrand:\nSamsung",
    "contrast ratio": "1000",
    "display technology": "LED LCD",
    "max resolution": "1920 x 1080",
    "model": "SC450",
    "mpn": "S24C450D",
    "screen size": "24",
    "upc": "887276013510"
}