{
    "<page title>": "Asus VN279Q 27inch Wide 5ms 100M 1 1920x1080 HDCP HDMI SPK LED LCD Monitor | eBay",
    "brand": "ASUS",
    "brightness": "250 cd/m2",
    "builtin speakers": "1.5W x 2 Stereo RMS",
    "cabinet color": "Black",
    "complies with": "ENERGY STAR",
    "connectors": "D-Sub, HDMI, Displayport",
    "contrast ratio": "80,000,000:1",
    "dimensions": "26.09\" x 17.36\" x 8.27\" (WxHxD) w/ stand",
    "display colors": "16.7 Million",
    "displayport": "1",
    "dsub": "1",
    "dvi": "No",
    "hdcp support": "No",
    "hdmi": "1",
    "input video compatibility": "Analog RGB, Digital",
    "led backlight": "Yes",
    "model": "VX279Q",
    "panel": "AH-IPS",
    "pixel pitch": "0.311mm",
    "power supply": "100 - 240 VAC, 50/60Hz",
    "recommended resolution": "1920 x 1080",
    "regulatory approvals": "BSMI, CB, CCC, CE, CEL level 1, C-Tick, CU, ErP, FCC, Gost-R, RoHS, UL/cUL, VCCI, WEEE, WHQL (Windows 8, Windows 7)",
    "response time": "5ms (GTG)",
    "screen size": "27\"",
    "stand adjustments": "Tilt : +20 ~ -5 degree",
    "viewing angle": "178\u00c3\u0082\u00c2\u00b0(H) / 178\u00c3\u0082\u00c2\u00b0(V)",
    "widescreen": "Yes"
}