{
    "<page title>": "Dell E2414H 24\" LED LCD Monitor 16 9 5 MS 469 4320 884116123446 | eBay",
    "adjustable display angle": "Yes",
    "aspect ratio": "16:9",
    "backlight technology": "LED",
    "brand name": "Dell",
    "brightness": "250 cd/m\u00c2\u00b2",
    "color supported": "16.7 Million Colors",
    "condition": "New: A brand-new, unused, unopened, undamaged item in its original packaging (where packaging is\napplicable). Packaging should be the same as what is found in a retail store, unless the item is handmade or was packaged by the manufacturer in non-retail packaging, such as an unprinted box or plastic bag. See the seller's listing for full details.\nSee all condition definitions- opens in a new window or tab\n... Read moreabout the condition\nBrand:\nDell",
    "contrast ratio": "1000",
    "depth": "1.8\"",
    "depth with stand": "6.46\"",
    "display technology": "LED LCD",
    "dvi": "Yes",
    "features": "Security Lock",
    "general information": "Marketing Information Designed to be reliable and clear. Brilliant screen clarity, environment-conscious design and rigorous reliability testing define the Dell 24 Monitor | E2414H. Essential features: High-resolution widescreen 24\" display has the features you need to help boost productivity. Outstanding quality: Rigorous testing and process-quality monitoring help ensure long-term performance reliability. Environment-conscious: Built to comply with the latest environmental and regulatory standards.",
    "green compliance certificateauthority": "China Energy Label (CEL)\nEPEAT Gold\nTCO Certified Displays\nENERGY STAR",
    "hdcp supported": "Yes",
    "height": "13.3\"",
    "horizontal viewing angle": "170\u00c2\u00b0",
    "input voltage": "110 V AC\n220 V AC",
    "interfacesports": "VGA Yes",
    "manufacturer": "Dell, Inc",
    "manufacturer part number": "V2MFT",
    "maximum resolution": "1920 x 1080",
    "miscellaneous": "Green Compliant Yes",
    "model": "E2414H",
    "mount type": "Arm-mountable\nWall Mountable",
    "mpn": "320-9776",
    "number of screens": "1",
    "offmode power consumption": "500 mW",
    "package contents": "E2414H Widescreen LCD Monitor Stand Power Cable VGA Cable DVI Cable Cable Cover Drivers and Documentation Media Quick Setup Guide Product Information Guide",
    "panel technology": "Twisted Nematic Film (TN Film)",
    "physical characteristics": "Height with Stand 16.47\"",
    "power description": "Operating Power Consumption 30 W",
    "product model": "E2414H",
    "product name": "E2414H Widescreen LCD Monitor",
    "product type": "LCD Monitor",
    "response time": "5 ms",
    "screen mode": "Full HD",
    "screen size": "24\"",
    "screen surface": "Anti-glare",
    "standard refresh rate": "60 Hz",
    "standby power consumption": "500 mW",
    "system": "Desktop",
    "technical information": "Screen Size 24\"",
    "upc": "884116123446",
    "vertical viewing angle": "160\u00c2\u00b0",
    "vesa mount compatible": "Yes",
    "vesa mount standard": "100 x 100",
    "video": "Brightness 250 Nit",
    "video inputs": "DVI-D",
    "weight approximate": "6.61 lb",
    "width": "22.4\"",
    "width with stand": "22.48\""
}