{
    "<page title>": "ELO 1515L 15\" LCD Touchscreen Monitor 4 3 14 20 MS IGRMLJ9313 | eBay",
    "aspect ratio": "4:3",
    "brand name": "Elo",
    "brightness": "250 Nit",
    "color supported": "16.7 Million Colors",
    "condition": "New: A brand-new, unused, unopened, undamaged item in its original packaging (where packaging is\napplicable). Packaging should be the same as what is found in a retail store, unless the item is handmade or was packaged by the manufacturer in non-retail packaging, such as an unprinted box or plastic bag. See the seller's listing for full details.\nSee all condition definitions- opens in a new window or tab\n... Read moreabout the condition\nUnit of Measure:\nEA",
    "contrast ratio": "500:1",
    "ean": "7411493278488",
    "green compliance certificateauthority": "China RoHS, MPR II",
    "green compliant": "Yes",
    "limited warranty": "3 Year",
    "maximum resolution": "1024 x 768",
    "response time": "14.20 ms",
    "screen size": "15\"",
    "touchscreen": "Yes",
    "touchscreen type": "Capacitive",
    "vesa mount compatible": "Yes"
}