{
    "<page title>": "BenQ 24\" Black GL2460HM 2ms HDMI Widescreen LED Backlight TN Panel LCD Monitor | eBay",
    "brand": "BenQ",
    "condition": "New: A brand-new, unused, unopened, undamaged item in its original packaging (where packaging is\napplicable). Packaging should be the same as what is found in a retail store, unless the item is handmade or was packaged by the manufacturer in non-retail packaging, such as an unprinted box or plastic bag. See the seller's listing for full details.\nSee all condition definitions- opens in a new window or tab\n... Read moreabout the condition",
    "display technology": "LED LCD",
    "model": "GL2460HM",
    "screen size": "24\""
}