{
    "<page title>": "Dell UltraSharp 17\" TFT LCD Monitor 1707FP w 4 Port USB VGA DVI Black Silver 890552635955 | eBay",
    "aspect ratio": "5:4",
    "brand": "Dell",
    "brightness": "300 cd/m\u00c2\u00b2",
    "condition": "Used: An item that has been used previously. The item may have some signs of cosmetic wear, but is fully\noperational and functions as intended. This item may be a floor model or store return that has been used. See the seller\u00e2\u0080\u0099s listing for full details and description of any imperfections.\nSee all condition definitions- opens in a new window or tab\n... Read moreabout the condition",
    "contrast ratio": "600:1",
    "display technology": "LCD",
    "features": "12V DC Audio, USB Hub",
    "max resolution": "1280 x 1024",
    "model": "1707FPc, 1707FP",
    "mpn": "CC352, YG613, CC280",
    "response time": "8 ms",
    "screen size": "17\"",
    "video inputs": "DVI, VGA D-Sub"
}