{
    "<page title>": "Apple 20\" Cinema Display Monitor A1081 M9177 A w Power Adapter A1096 M9178B A 718908807385 | eBay",
    "aspect ratio": "16:9",
    "brand": "Apple",
    "brightness": "250 cd/m\u00c2\u00b2",
    "condition": "Used: An item that has been used previously. The item may have some signs of cosmetic wear, but is fully\noperational and functions as intended. This item may be a floor model or store return that has been used. See the seller\u00e2\u0080\u0099s listing for full details and description of any imperfections.\nSee all condition definitions- opens in a new window or tab\n... Read moreabout the condition",
    "contrast ratio": "400:1",
    "display technology": "LCD",
    "features": "USB Hub",
    "max resolution": "1680 x 1050",
    "model": "A1081, A1096",
    "mpn": "M9177/A, ADP-65PB B, 611-0338, M9178B/A",
    "response time": "16 ms",
    "screen size": "20\"",
    "video inputs": "DVI"
}