{
    "<page title>": "NEC Display MultiSync E223W BK 22\" LED LCD Monitor 16 10 5 MS 805736044546 | eBay",
    "adjustable display angle": "Yes",
    "adjustable display height": "Yes",
    "adjustable display pivot": "Yes",
    "aspect ratio": "16:10",
    "backlight technology": "LED",
    "brand name": "NEC Display",
    "certifications  standards": "ISO 13406-2 Class II",
    "color": "Black",
    "color supported": "16.7 Million Colors",
    "contrast ratio": "1,000:1",
    "depth": "2.4\"",
    "depth with stand": "8.40\"",
    "displayport": "Yes",
    "dvi": "Yes",
    "features": "AccuColor\nCable Management\nTouch Controls\nCarbon Footprint Meter\nEco Mode\nIntelligent Power Manager (IPM) System\nOff Timer",
    "general information": "Marketing Information The 22\" NEC MultiSync E223W delivers the latest in display technologies, while providing many eco-friendly benefits for corporate users. The LED backlighting of the E223W allows for a slimmer profile, lighter weight and increased power savings compared to previous generation models. It offers touch-sensitive controls that are integrated into the bezel, making display adjustments easier and more intuitive than ever. A comprehensive input panel, including DisplayPort, DVI-D and VGA, connects users to the latest peripherals and future-proofs the investment.",
    "green compliance certificateauthority": "TCO Certified Displays 6.0\nENERGY STAR 6.0\nEPEAT Silver\nRoHS",
    "hdcp supported": "Yes",
    "height": "13\"",
    "horizontal viewing angle": "178\u00c2\u00b0",
    "interfacesports": "VGA Yes",
    "manufacturer": "NEC Display Solutions",
    "manufacturer part number": "E223W-BK",
    "maximum resolution": "1680 x 1050",
    "miscellaneous": "Green Compliant Yes",
    "number of screens": "1",
    "package contents": "22\" LED Backlit Widescreen Desktop Monitor Setup Sheet User Manual Power Cord 15-Pin D-Sub Cable DVI Cable",
    "physical characteristics": "Height with Stand 19.40\"",
    "power description": "Operating Power Consumption 24 W",
    "product line": "MultiSync",
    "product model": "E223W-BK",
    "product name": "22\" LED Backlit Widescreen Desktop Monitor",
    "product type": "LCD Monitor",
    "response time": "5 ms",
    "screen mode": "WSXGA+",
    "screen surface": "Anti-glare\nAnti-reflective",
    "standard refresh rate": "75 Hz",
    "standby power consumption": "350 mW",
    "technical information": "Screen Size 22\"",
    "vertical viewing angle": "178\u00c2\u00b0",
    "vesa mount compatible": "Yes",
    "vesa mount standard": "100 x 100",
    "video": "Brightness 250 Nit",
    "weight approximate": "7.05 lb",
    "weight with stand approximate": "10.80 lb",
    "width": "19.8\"",
    "width with stand": "19.80\""
}