{
    "<page title>": "NEC 60002937 MultiSync EX231W - 23\" - LED-Backlit LCD Monitor",
    "aspect ratio": [
        "Widescreen - 16:9",
        "Widescreen - 16:9"
    ],
    "backlight technology": "WLED",
    "brightness": [
        "250 cd/m2",
        "250 cd/m2"
    ],
    "cables included": "1 x DVI cable \u00a6 1 x VGA cable - VGA to DVI-I \u00a6 1 x USB cable",
    "colour": [
        "White",
        "White"
    ],
    "colour support": [
        "16.7 million colours",
        "16.7 million colours"
    ],
    "compatible with windows 7": "\"Compatible with Windows 7\" software and devices carry Microsoft\u2019s assurance that these products have passed tests for compatibility and reliability with 32-bit and 64-bit Windows 7.",
    "compliant standards": [
        "FCC Class B certified, MPR II, CSA, UL, TUV GS, GOST, cUL, DDC-2B, MPR III, PCT, VESA EDID, CCC, TUV Ergo, DDC/CI, TCO Displays 5.0, ISO 9241-307, GEEA, ErP Ready",
        "FCC Class B certified, MPR II, CSA, UL, TUV GS, GOST, cUL, DDC-2B, MPR III, PCT, VESA EDID, CCC, TUV Ergo, DDC/CI, TCO Displays 5.0, ISO 9241-307, GEEA, ErP Ready"
    ],
    "contrast ratio": [
        "1000:1 / 25000:1 (dynamic)",
        "1000:1 / 25000:1 (dynamic)"
    ],
    "controls  adjustments": "Brightness, contrast, colour balance",
    "description technical detail": "The perfect compliment for the modern office and developments in corporate desking, the NEC EX231W features an extremely thin LED backlight panel in a design that puts a priority on the screen image and its positioning.For demanding eco users or those wanting the optimum working set up, the EX231W includes luminance and human sensors and the smallest stand on the market that offers full ergonomics. The panel can also easily be moved between VESA mounts.",
    "device type": "LED-backlit LCD monitor - 23\"",
    "diagonal size": "23\"",
    "dimensions  weight details": "Without stand - width: 54 cm - depth: 4.8 cm - height: 31.8 cm - weight: 2.8 kg \u00a6 With stand - width: 54 cm - depth: 21.5 cm - height: 40.1 cm - weight: 4.1 kg",
    "dimensions wxdxh": [
        "54 cm x 21.5 cm x 40.1 cm - with stand",
        "54 cm x 21.5 cm x 40.1 cm - with stand"
    ],
    "display position adjustments": [
        "Height, pivot (rotation), swivel, tilt",
        "Height, pivot (rotation), swivel, tilt"
    ],
    "display type": "LED-backlit LCD monitor / TFT active matrix",
    "energy star qualified": "Yes",
    "environmental standards": "ENERGY STAR Qualified , EPEAT Gold",
    "epeat compliant": "EPEAT Gold",
    "features": [
        "Security lock slot (cable lock sold separately), cable organizer",
        "Ambient light sensor, Eco-Mode, Auto Brightness Stabilization"
    ],
    "flat panel mount interface": "100 x 100 mm",
    "height adjustment": "110 mm",
    "horizontal refresh rate": "83 kHz",
    "horizontal viewing angle": "176",
    "humidity range operating": "20 - 80%",
    "image colour disclaimer": "The image of the product displayed may be of a different colour",
    "input connectors": "DVI-I, DisplayPort",
    "interfaces": "DVI-I \u00a6 DisplayPort \u00a6 USB upstream \u00a6 USB downstream",
    "manufacturer": "NEC",
    "manufacturer part ": "60002937",
    "manufacturer warranty": "3 years warranty",
    "max operating temperature": "35 \u00b0C",
    "microsoft certification": "Compatible with Windows 7",
    "min operating temperature": "5 \u00b0C",
    "native resolution": [
        "FullHD 1920 x 1080 at 60 Hz",
        "FullHD 1920 x 1080 at 60 Hz"
    ],
    "panel type": [
        "TN",
        "TN"
    ],
    "pixel pitch": [
        "0.265 mm",
        "0.265 mm"
    ],
    "power consumption operational": "32 Watt",
    "power consumption stand by  sleep": "0.38 Watt",
    "power supply": "Internal",
    "product description": "NEC MultiSync EX231W - LED monitor - 23\"",
    "response time": [
        "5 ms",
        "5 ms"
    ],
    "rotation angle": "90",
    "service  support": "3 years warranty",
    "service  support details": "Limited warranty - 3 years \u00a6 Limited warranty - backlight - 3 years",
    "tilt angle": "35",
    "vertical refresh rate": "75 Hz",
    "vertical viewing angle": "170",
    "viewable size": "23\"",
    "voltage required": "AC 120/230 V",
    "weight": [
        "4.1 kg",
        "4.1 kg"
    ]
}