{
    "<page title>": "3M 15  BLACK TOUCH PANEL CAP 11-81375-227 Microtouch",
    "analogue video signal": "RGB",
    "backlight life": [
        "50,000 hour(s)",
        "50,000 hours",
        "50,000 hour(s)"
    ],
    "brightness": "215 cd/m2",
    "builtin devices": "Microphone, stereo speakers",
    "cables included": "1 x VGA cable \u00c2\u00a6 1 x serial cable \u00c2\u00a6 1 x audio cable - 3.5 mm to 3.5 mm",
    "colour": "Black",
    "compliant standards": [
        "FCC Class B certified, UL, VCCI, C-Tick, cUL, VESA DPMS, CCC, RoHS",
        "FCC Class B certified, CE, UL, VCCI, C-Tick, cUL, VESA DPMS, CCC, RoHS"
    ],
    "contrast ratio": "350:1",
    "controls  adjustments": "Brightness, contrast, H/V position, colour balance, phase, clock",
    "depth": "25.9 cm",
    "description technical detail": "3M MicroTouch M150 Touchscreen Display\nThe MicroTouch M150 FPD Touch Monitor sets a new standard of excellence. By combining 3Ms current and future touch technologies with a monitor form factor that is a breakthrough in display design, a new benchmark for touch displays has been created. This new design combines patent-pending features with the quality, accuracy and durability of 3M touch screen technology to create an innovative touch display solution. Its what youd expect from a leader in innovation. Its what youd expect from 3M.\nThe MicroTouch M150 FPD monitor is offered with a choice of capacitive or resistive touch technology. MicroTouch ClearTek capacitive touch technology provides accuracy and sensitivity to the users touch while offering outstanding durability and resistance to contaminants such as dirt, liquids, and harsh chemicals. 3Ms 5-wire resistive technology not only provides contaminant resistance, but is responsive to the touch of stylus as well as fingernails, credit cards, gloved hands and bare fingers.",
    "diagonal size": [
        "15\"",
        "15\""
    ],
    "dimensions wxdxh": "40.8 cm x 25.9 cm x 39.8 cm",
    "display position adjustments": "Tilt",
    "display positions adjustments": "Tilt",
    "display type": [
        "LCD display / TFT active matrix",
        "LCD monitor / TFT active matrix"
    ],
    "dot pitch  pixel pitch": "0.297 mm",
    "enclosure colour": "Black",
    "features": [
        "ClearTek capacitive touch technology",
        "ClearTek capacitive touch technology",
        "Wall mountable"
    ],
    "flat panel mount interface": [
        "75 x 75 mm",
        "75 x 75 mm"
    ],
    "form factor": "External",
    "height": "39.8 cm",
    "horizontal viewing angle": "150",
    "image brightness": "215 cd/m2",
    "image contrast ratio": "350:1",
    "image max hview angle": "150",
    "image max vview angle": "135",
    "included software": "Drivers & Utilities",
    "interfaces": [
        "1 x serial RS-232 - 9 pin D-Sub (DB-9) \u00c2\u00a6 1 x VGA - 15 pin HD D-Sub (HD-15) \u00c2\u00a6 1 x microphone input - mini-phone 3.5mm \u00c2\u00a6 1 x microphone output - mini-phone 3.5mm \u00c2\u00a6 1 x headphones - mini-phone stereo 3.5 mm \u00c2\u00a6 1 x audio line-in - mini-phone stereo 3.5 mm",
        "1 x serial RS-232 - 9 pin D-Sub (DB-9) \u00c2\u00a6 1 x VGA - 15 pin HD D-Sub (HD-15) \u00c2\u00a6 1 x microphone input - mini-phone 3.5mm \u00c2\u00a6 1 x microphone output - mini-phone 3.5mm \u00c2\u00a6 1 x headphones - mini-phone stereo 3.5 mm \u00c2\u00a6 1 x audio line-in - mini-phone stereo 3.5 mm"
    ],
    "manufacturer": "Microtouch",
    "manufacturer part ": "11-81375-227",
    "max operating temperature": "50 \u00c2\u00b0C",
    "max resolution": "1024 x 768 / 75 Hz",
    "max sync rate v x h": "75 Hz",
    "min operating temperature": "0 \u00c2\u00b0C",
    "movement detection technology": [
        "Capacitive",
        "Capacitive"
    ],
    "native resolution": "1024 x 768 at 75 Hz",
    "os required": "Microsoft Windows 98/ME/2000/XP",
    "pixel pitch": "0.297 mm",
    "power consumption operational": "28 Watt",
    "power supply": "External",
    "response time": [
        "16 ms",
        "16 ms"
    ],
    "service  support": "3 years warranty",
    "service  support details": "Limited warranty - parts and labour - 3 years \u00c2\u00a6 Limited warranty - touch screen - 5 years",
    "signal input": "VGA",
    "type": [
        "Touch-screen",
        "Touch-screen",
        "Speaker(s) - stereo - integrated",
        "Speaker(s) - stereo - integrated",
        "Speakers - stereo - integrated"
    ],
    "vertical refresh rate": "75 Hz",
    "vertical viewing angle": "135",
    "weight": "7.4 kg",
    "width": "40.8 cm"
}