{
    "<page title>": "3M Multi Touch LCD 21 M2167P 98-0003-3729-9 3M",
    "aspect ratio": "Widescreen - 16:9",
    "backlight technology": "LED backlight",
    "brightness": "217 cd/m2",
    "colour support": "16.7 million colours",
    "compatible with windows 7": "\"Compatible with Windows 7\" software and devices carry Microsoft\u00e2\u20ac\u2122s assurance that these products have passed tests for compatibility and reliability with 32-bit and 64-bit Windows 7.",
    "compliant standards": [
        "FCC Class B certified, CE, TUV, C-Tick, RoHS",
        "FCC Class B certified, TUV, C-Tick, RoHS"
    ],
    "contrast ratio": "5000:1",
    "description technical detail": "3M Multi-touch Display M2167PW 21.5\" LED Monitor\nThe 21.5-inch 3M Multi-touch Display M2167PW takes interactive display technology to the next level by combining uncompromising multitouch performance, brilliant high-definition graphics, wide viewing angles and elegant product design into a fully-integrated, easy-to-use, Plug-and-Play multi-touch desktop device.\nThe M2167PW display features a stylish flat front surface design that makes it an attractive addition to any professional or retail environment. Beyond contemporary aesthetics, the M2167PW display is designed to meet the unique demands of multi-touch use by featuring a 3M-proprietary antistiction surface treatment that allows a users fingers to effortlessly glide across the screen. The display also features a sturdy and robust base that easily accommodates a full 90-degree position range for more viewing flexibility and while providing an inviting horizontal surface for multi-user on screen collaboration.",
    "diagonal size": "21.5\"",
    "dimensions wxdxh": "52.5 cm x 18 cm x 37.8 cm",
    "display type": [
        "TFT active matrix",
        "LED-backlit LCD monitor / TFT active matrix",
        "LCD monitor / TFT active matrix"
    ],
    "features": "Cable management cover",
    "flat panel mount interface": "100 x 100 mm",
    "horizontal viewing angle": "178",
    "interfaces": [
        "1 x HDMI - 19 pin HDMI Type A \u00c2\u00a6 1 x VGA - 15 pin HD D-Sub (HD-15) \u00c2\u00a6 1 x DisplayPort - 20 pin DisplayPort \u00c2\u00a6 1 x USB - 4 PIN USB Type B \u00c2\u00a6 1 x audio line-in - mini-phone stereo 3.5 mm",
        "HDMI \u00c2\u00a6 VGA \u00c2\u00a6 DisplayPort \u00c2\u00a6 USB ( Type B ) \u00c2\u00a6 Audio line-in"
    ],
    "manufacturer": "3M",
    "manufacturer part ": "98-0003-3729-9",
    "max operating temperature": "40 \u00c2\u00b0C",
    "min operating temperature": "0 \u00c2\u00b0C",
    "native resolution": "FullHD 1920 x 1080",
    "os required": "Apple MacOS, Linux, Microsoft Windows Vista / XP / 7",
    "output power  channel": "3 Watt",
    "panel type": "P-MVA",
    "pixel pitch": "0.248 mm",
    "power consumption operational": "37.5 Watt",
    "power supply": "External",
    "response time": "10 ms",
    "service  support": "1 year warranty",
    "service  support details": "Limited warranty - 1 year",
    "supported windows 7 features": "Windows Touch",
    "tilt angle": "90",
    "type": [
        "Touch-screen - Multi-Touch",
        "Speakers - stereo - integrated",
        "Speaker(s) - stereo - integrated"
    ],
    "vertical viewing angle": "178",
    "voltage required": "AC 120/230 V",
    "weight": "6.4 kg"
}