{
    "<page title>": "Asus VE278H 27 LED LCD Monitor 169 2 ms by Office Depot",
    "adjustable display angle": "Yes",
    "aspect ratio": "16:9",
    "backlight technology": "LED",
    "brand name": "Asus",
    "brightness": "300 Nit",
    "certifications  standards": "CB; UL/cUL; CE; FCC; CCC; BSMI; Gost-R; C-tick; VCCI; PSB; EK; WHQL",
    "color": "Black",
    "color supported": "16.7 Million Colors",
    "contrast ratio": "1,200:1",
    "depth": "2.3\"",
    "ecolabel": "WEEE; RoHS; J-Moss (Japanese RoHS); ErP; ENERGY STAR",
    "features": "Security Lock; Splendid Video Intelligence Technology",
    "hdcp supported": "Yes",
    "hdmi": "Yes",
    "headphone jack": "Yes",
    "height": "15.2\"",
    "input voltage": "110 V AC; 220 V AC",
    "item ": "616079",
    "manufacturer": "ASUS Computer International",
    "manufacturer ": "PY3733",
    "maximum resolution": "1920 x 1080",
    "model name": "VE278H",
    "mount type": "Wall Mountable",
    "number of screens": "1",
    "number of speakers": "2",
    "offmode power consumption": "500 mW",
    "operating power consumption": "45 W",
    "platform supported": "PC",
    "product name": "VE278H Widescreen LCD Monitor",
    "product series": "VE",
    "product type": "LCD Monitor",
    "response time": "2 ms",
    "screen mode": "Full HD",
    "screen size": "27\"",
    "speakers": "Yes",
    "standard refresh rate": "75 Hz",
    "standby power consumption": "500 mW",
    "vertical viewing angle": "160\u00b0",
    "vesa mount compatible": "Yes",
    "vesa mount standard": "100 x 100",
    "vga": "Yes",
    "viewing angle": "170\u00b0",
    "warranty length": "3-year limited",
    "weight": "13.23 lb",
    "width": "25.3\""
}