{
    "<page title>": "NEC Display MultiSync E223W BK 22 LED LCD Monitor 1610 5 ms by Office Depot",
    "adjustable display angle": "Yes",
    "adjustable display height": "Yes",
    "adjustable display pivot": "Yes",
    "aspect ratio": "16:10",
    "backlight technology": "LED",
    "brand name": "NEC Display",
    "brightness": "250 Nit",
    "certifications  standards": "ISO 13406-2 Class II",
    "color": "Black",
    "color supported": "16.7 Million Colors",
    "contrast ratio": "1,000:1",
    "depth": "2.4\"",
    "depth with stand": "8.40\"",
    "displayport": "Yes",
    "dvi": "Yes",
    "ecolabel": "ENERGY STAR 6.0; TCO Certified Displays 6.0; EPEAT Silver; RoHS",
    "features": "Eco Mode; Carbon Footprint Meter; Cable Management; AccuColor; Touch Controls; Intelligent Power Manager (IPM) System; Off Timer",
    "hdcp supported": "Yes",
    "height": "13\"",
    "height with stand": "19.40\"",
    "item ": "480844",
    "manufacturer": "NEC Display Solutions",
    "manufacturer ": "RA1122",
    "maximum resolution": "1680 x 1050",
    "model name": "E223W-BK",
    "number of screens": "1",
    "operating power consumption": "24 W",
    "product line": "MultiSync",
    "product name": "22\" LED Backlit Widescreen Desktop Monitor",
    "product type": "LCD Monitor",
    "response time": "5 ms",
    "screen mode": "WSXGA+",
    "screen size": "22\"",
    "screen surface": "Anti-glare; Anti-reflective",
    "standard refresh rate": "75 Hz",
    "standby power consumption": "350 mW",
    "vertical viewing angle": "178\u00b0",
    "vesa mount compatible": "Yes",
    "vesa mount standard": "100 x 100",
    "vga": "Yes",
    "viewing angle": "178\u00b0",
    "warranty length": "3-year limited",
    "weight": "7.05 lb",
    "weight with stand approximate": "10.80 lb",
    "width": "19.8\"",
    "width with stand": "19.80\""
}