{
    "<page title>": "Dell E2414H 24 Widescreen HD LED Monitor Black by Office Depot",
    "antiglare": "yes",
    "aspect ratio": "16:9",
    "brand name": "Dell",
    "contrast ratio": "1000:1",
    "diagonal screen size": "24 inches",
    "dimensions": "16.47\"H x 22.44\"W x 6.46\"D",
    "ecolabel": "ENERGY STAR; EPEAT Gold",
    "hd compatible": "yes",
    "horizontal viewable angle": "170 degrees",
    "integrated speakers": "no",
    "item ": "614935",
    "manufacturer": "Dell, Inc.",
    "manufacturer ": "V2MFT",
    "maximum resolution": "1920 x 1080",
    "model name": "E2414H",
    "monitor brightness": "250 cd/m2",
    "monitor color": "Black",
    "native resolution": "1920 x 1080",
    "pixel pitch": "0.277 x 0.277 mm",
    "postconsumer recycled content": "0%",
    "screen type": "TN (TFT active matrix LCD)",
    "signal input type": "DVI-D (digital) with HDCP; VGA 15-pin D-sub",
    "total recycled content": "0%",
    "tv tuner": "No",
    "typical response time": "5 ms",
    "viewable image size": "24 inches",
    "wall mountable": "no",
    "warranty length": "3-yr limited"
}