{
    "<page title>": "Samsung S24C450D 24 LED LCD Monitor 169 5 ms by Office Depot",
    "adjustable display angle": "Yes",
    "adjustable display height": "Yes",
    "adjustable display pivot": "Yes",
    "aspect ratio": "16:9",
    "backlight technology": "LED",
    "brand name": "Samsung",
    "brightness": "250 Nit",
    "color": "Matte Black",
    "contrast ratio": "1,000:1",
    "country of origin": "Mexico",
    "displayport": "Yes",
    "dvi": "Yes",
    "features": "MultiScreen; MagicRotation; MagicTune; Eco Saving; MagicBright3; MagicAngle",
    "item ": "895007",
    "manufacturer": "Samsung",
    "manufacturer ": "QV9024",
    "maximum resolution": "1920 x 1080",
    "model name": "S24C450D",
    "mount type": "Wall Mountable",
    "number of screens": "1",
    "product name": "S24C450D Widescreen LCD Monitor",
    "product series": "450",
    "product type": "LCD Monitor",
    "response time": "5 ms",
    "screen mode": "Full HD",
    "screen size": "24\"",
    "vertical viewing angle": "160\u00b0",
    "vesa mount compatible": "Yes",
    "vesa mount standard": "100 x 100",
    "vga": "Yes",
    "viewing angle": "170\u00b0",
    "warranty length": "3-year limited"
}