{
    "<page title>": "Viewsonic VA2349s 23 LED LCD Monitor 169 5 ms by Office Depot",
    "adjustable display angle": "Yes",
    "aspect ratio": "16:9",
    "backlight technology": "LED",
    "brand name": "Viewsonic",
    "brightness": "250 Nit",
    "contrast ratio": "2,000:1",
    "depth": "2\"",
    "depth with stand": "8.41\"",
    "dvi": "Yes",
    "features": "Eco Mode; Security Lock",
    "height": "13.3\"",
    "height with stand": "15.56\"",
    "item ": "560656",
    "manufacturer": "Viewsonic Corporation",
    "manufacturer ": "TQ8461",
    "maximum resolution": "1920 x 1080",
    "model name": "VA2349s",
    "mount type": "Wall Mountable",
    "number of screens": "1",
    "operating power consumption": "22 W",
    "panel technology": "In-plane Switching (IPS) Technology",
    "platform supported": "PC",
    "product name": "VA2349s Widescreen LCD Monitor",
    "product type": "LCD Monitor",
    "response time": "5 ms",
    "screen mode": "Full HD",
    "screen size": "23\"",
    "vertical viewing angle": "178\u00b0",
    "vesa mount compatible": "Yes",
    "vesa mount standard": "100 x 100",
    "vga": "Yes",
    "viewing angle": "178\u00b0",
    "weight": "7.72 lb",
    "weight with stand approximate": "8.60 lb",
    "width": "21.6\"",
    "width with stand": "21.59\""
}