{
    "<page title>": "ASUS VS248H 24\" Widescreen LED Black Monitor (1920x1080/2ms/VGA/DVI-D/HDMI) : Monitors : Monitors : Nexus Technology UK, Colchester, Essex",
    "aspect ratio": "16:9",
    "backlight": "LED",
    "brightness": "250 cd/m\u00c2\u00b2",
    "click image to enlarge": "\u00c2\u00a3135.96\n\u00c2\u00a3163.15 inc VAT\n10 Available\nAvailable for next day delivery if ordered before 5pm",
    "colours": "16.7 Million",
    "compliance": "CEL, UL/cUL, CB, CE, ErP, FCC, CCC, BSMI, Gost-R, C-Tick, VCCI, PSB, J-MOSS, RoHS, WEEE, Windows 7 WHQL",
    "dvid ports": "1",
    "dynamic contrast ratio": "50, 000, 000:1",
    "ean": "4719543390153",
    "energy star": "5.0",
    "gross weight": "6.4Kg",
    "hdmi ports": "1",
    "headphone jacks": "1",
    "horizontal frequency range": "30KHz - 83KHz",
    "horizontal viewing angle": "170\u00c2\u00b0",
    "input power source": "Power Lead",
    "keywords": "Monitors, 24\", 16:9, 2ms, HDMI, LCD, LED, LED Backlight, VESA, Wall Mount, Widescreen",
    "manufacturer": "ASUS",
    "max resolution": "1920 x 1080",
    "model number": "VS248H",
    "net weight": "4.1Kg",
    "normal power consumption": "32W",
    "package contents": "Monitor, Euro Power Lead, UK Power Lead, VGA Lead, DVI Lead, Quick Start Guide",
    "package height": "13.5cm",
    "package length": "64.5cm",
    "package type": "Retail",
    "package width": "47.5cm",
    "pixel pitch": "0.2768mm",
    "product code": "NEX-106055",
    "product group": "Monitors",
    "product height": "412.3mm",
    "product length": "205.5mm",
    "product name": "ASUS VS248H 24\" Widescreen LED Black Monitor (1920x1080/2ms/VGA/DVI-D/HDMI)",
    "product width": "573.2mm",
    "recommend resolution": "1920 x 1080",
    "response time": "2ms (GTG)",
    "royal mail compliance": "Not Compliant",
    "screen size": "24\"",
    "screen type": "LCD",
    "special features": "Superior image quality meets classic elegant design, True-to-life Pictures Powered by LED, Versatile viewing positions with Smart View Technology, Splendid Video Intelligence Technology",
    "standby power consumption": "0.5W",
    "tilt angle": "-5\u00c2\u00b0/20\u00c2\u00b0",
    "unit colour front": "Black",
    "unit colour rear": "Black",
    "unit colour stand": "Black",
    "upc": "610839390151",
    "vertical frequency range": "50Hz - 76Hz",
    "vertical viewing angle": "160\u00c2\u00b0",
    "vga ports": "1",
    "wall mount": "VESA 100mm x 100mm",
    "warranty direct with manufacturer": "3 Years On Site",
    "web address": "www.asus.com"
}