{
    "<page title>": "BENQ EW2440L 24\" Wide VA LED Glossy Black Multimedia Monitor (1920x1080/4ms/VGA/2xHDMI/MHL) : Monitors : Monitors : Nexus Technology UK, Colchester, Essex",
    "aspect ratio": "16:9",
    "backlight": "LED",
    "brightness": "250 cd/m\u00c2\u00b2",
    "click image to enlarge": "\u00c2\u00a3130.21\n\u00c2\u00a3156.25 inc VAT\n77 Available\nAvailable for next day delivery if ordered before 5pm",
    "colours": "16.7 Million",
    "contrast ratio": "5000:1",
    "dynamic contrast ratio": "20, 000, 000:1",
    "ean": "4718755046933",
    "gross weight": "5.10Kg",
    "hdmi ports": "2",
    "horizontal viewing angle": "178\u00c2\u00b0",
    "input power source": "Power Adapter",
    "keywords": "Monitors, 24\", VA, LED, 1920x1080, 4ms, HDMI, MHL, Speakers, Blue Light, Flicker-free, Senseye 3, AMA, HDCP, Kensington Lock",
    "line in jacks": "1",
    "manufacturer": "BENQ",
    "max resolution": "1920 x 1080",
    "model number": "EW2440L",
    "net weight": "3.74Kg",
    "normal power consumption": "42W",
    "package contents": "Monitor, MHL cable, VGA cable, Power Adapter, UK Power lead",
    "package height": "13cm",
    "package length": "61cm",
    "package type": "Retail",
    "package width": "40cm",
    "pixel pitch": "0.276mm",
    "product code": "NEX-109915",
    "product group": "Monitors",
    "product height": "421.6mm",
    "product length": "191.32mm",
    "product name": "BENQ EW2440L 24\" Wide VA LED Glossy Black Multimedia Monitor (1920x1080/4ms/VGA/2xHDMI/MHL)",
    "product width": "545.66mm",
    "recommend resolution": "1920 x 1080",
    "response time": "4ms (GTG)",
    "royal mail compliance": "Not Compliant",
    "screen size": "24\"",
    "screen type": "VA",
    "speakers": "Integrated",
    "special features": "Transform Mobile Entertainment with MHL Connection, Heighten Your Movie Enjoyment with Cinema Mode, Upscale Every Viewing Experience with Super Resolution, Distraction-free Viewing with Smart Focus, Flicker-free Backlight for Visual Pleasure",
    "standby power consumption": "0.5W",
    "tilt angle": "-5\u00c2\u00b0/20\u00c2\u00b0",
    "unit colour front": "Glossy Black",
    "unit colour rear": "Black",
    "unit colour stand": "Glossy Black",
    "vertical viewing angle": "178\u00c2\u00b0",
    "vga ports": "1",
    "warranty direct with manufacturer": "2 years on-site SWAP",
    "web address": "www.benq.co.uk"
}