{
    "<page title>": "BENQ GL2460HM 24\" Wide LED Glossy Black Multimedia Monitor (1920x1080/2ms/VGA/DVI-D/HDMI) : Monitors : Monitors : Nexus Technology UK, Colchester, Essex",
    "aspect ratio": "16:9",
    "audio": "2 x 1W",
    "backlight": "LED",
    "brightness": "250 cd/m\u00c2\u00b2",
    "click image to enlarge": "\u00c2\u00a3115.85\n\u00c2\u00a3139.02 inc VAT\n243 Available\nAvailable for next day delivery if ordered before 5pm",
    "colours": "16.7 Million",
    "compliance": "TCO 6.0",
    "contrast ratio": "1000:1",
    "dvid ports": "1",
    "dynamic contrast ratio": "12, 000, 000:1",
    "gross weight": "5.7Kg",
    "hdmi ports": "1",
    "headphone jacks": "1",
    "horizontal viewing angle": "170\u00c2\u00b0",
    "input power source": "Power Lead",
    "keywords": "Monitors, LCD, LED, LED Backlight, 24\", 1920 x 1080, 2ms, 2ms (GTG), DVI-D, HDMI, Speakers, VESA, VESA Wall Mounting, Wall Mount, Widescreen",
    "line in jacks": "1",
    "manufacturer": "BENQ",
    "max resolution": "1920 x 1080",
    "model number": "GL2460HM",
    "net weight": "4.3Kg",
    "normal power consumption": "23W",
    "package contents": "Monitor, VGA Lead, Audio Lead, UK Power Lead, Manual",
    "package height": "12cm",
    "package length": "65cm",
    "package type": "Retail",
    "package width": "41.5cm",
    "pixel pitch": "0.276mm",
    "product code": "NEX-107950",
    "product group": "Monitors",
    "product height": "434mm",
    "product height without stand": "333mm",
    "product length": "194mm",
    "product length without stand": "54mm",
    "product name": "BENQ GL2460HM 24\" Wide LED Glossy Black Multimedia Monitor (1920x1080/2ms/VGA/DVI-D/HDMI)",
    "product width": "565mm",
    "product width without stand": "565mm",
    "recommend resolution": "1920 x 1080",
    "response time": "2ms (GTG)",
    "royal mail compliance": "Not Compliant",
    "screen features": "Full HD",
    "screen size": "24\"",
    "screen type": "LCD",
    "speakers": "Integrated",
    "special features": "Slim Bezel 16mm, Brilliant Image Quality, Reading Mode for an Optimized Reading Experience, Improved Eco Mode for Higher Energy Efficiency, Perfecting Your Audiovisual Enjoyment with Speakers, Senseye 3 Visual Solution to Your Everyday Viewing Needs",
    "standby power consumption": "0.3W",
    "tilt angle": "-5\u00c2\u00b0/20\u00c2\u00b0",
    "unit colour front": "Glossy Black",
    "unit colour rear": "Black",
    "unit colour stand": "Glossy Black",
    "upc": "4718755045295",
    "vertical viewing angle": "160\u00c2\u00b0",
    "vga ports": "1",
    "wall mount": "VESA 100mm x 100mm",
    "warranty direct with manufacturer": "2 years on-site SWAP",
    "web address": "www.benq.co.uk"
}