{
    "<page title>": "IIyama 24 PL E2483HS-B1 MONITOR LED",
    "ac power in": "Si",
    "altezza": "412 mm",
    "altoparlante  cuffia  spinotto di uscita": "1",
    "altoparlanti incorporati": "Si",
    "angolo di visualizzazione orizzontale": "170 \u00b0",
    "angolo di visualizzazione verticale": "160 \u00b0",
    "blocco cavo": "Kensington",
    "bluetooth": "N",
    "cavi inclusi": "AC, Audio (3.5mm), DVI, VGA",
    "certificazione": "VESA DPMS,",
    "certificazione energy star": "Si",
    "classe efficienza energetica": "Non specificato",
    "collegamento ethernet lan": "N",
    "colore del prodotto": "Nero",
    "colori del display": "16.77 M",
    "compatibile con montaggio vesa": "100 x 100 mm",
    "compatibilit\u00e0 3d": "N",
    "compatibilit\u00e0 sistema operativo mac": "Si",
    "connessione cuffia": "3.5 mm",
    "connessione wlan": "N",
    "consumi": "24 W",
    "consumi modalit\u00e0 standby": "0.5 W",
    "dimensioni schermo": [
        "60.96 cm",
        "609.6 mm (24 \")"
    ],
    "dot pitch": "0.277 x 0.277 mm",
    "formato": "16:9",
    "fotocamera integrata": "N",
    "frequenza di ingresso": "50/60 Hz",
    "frequenza scansione orizzontale": "30 - 80 kHz",
    "frequenza scansione verticale": "55 - 75 Hz",
    "guida rapida": "Si",
    "hdcp": "Si",
    "inclinazione": "-5 - 22 \u00b0",
    "interruttore integrato": "Si",
    "larghezza": "565.5 mm",
    "lingue osd": "CHI (SIMPL), DEU, DUT, ENG, ESP, FRE, ITA, JPN, POL, RUS",
    "luminosit\u00e0 schermo": "250 cd/m\u00b2",
    "modalit\u00e0 video supportate": "1080p",
    "montabile a parete": "Si",
    "numero di altoparlanti": "2",
    "numero di lingue osd": "10",
    "on screen display osd": "Si",
    "peso": "3.4 kg",
    "plug  play": "Si",
    "porta dvi": "Si",
    "potenza in uscita rms": "4 W",
    "profondit\u00e0": "203 mm",
    "quantit\u00e0 porte dvid": "1",
    "quantit\u00e0 porte hdmi": "1",
    "quantit\u00e0 porte vga dsub": "1",
    "rapporto di contrasto": "1000:1",
    "rapporto di contrasto dinamico": "5000000:1",
    "regolazione altezza": "N",
    "risoluzione": "1920 x 1080 Pixels",
    "risoluzioni grafiche supportate": "1920 x 1080 (HD 1080)",
    "sicurezza": "TCO, CE, TUV-GS, VCCI-B, PSE, CU",
    "sintonizzatore tv integrato": "N",
    "sistema operativo windows supportato": "Windows 2000, Windows 2000 Professional, Windows 7 Home Basic, Windows 7 Home Basic x64, Windows 7 Home Premium, Windows 7 Home Premium x64, Windows 7 Professional, Windows 7 Professional x64, Windows 7 Starter, Windows 7 Starter x64, Windows 7 Ultimate",
    "source datasheet": ".",
    "subwoofer incorporato": "N",
    "sync hv separato": "Si",
    "tecnologia display": "TN+Film",
    "tempo di risposta": "2 ms",
    "thin client installato": "N",
    "tipologia display": "LED",
    "tipologia hd": "Full HD",
    "voltaggio di ingresso": "100 - 240 V"
}