{
    "<page title>": "LG 24 24MB35PY-B IPS",
    "adattatore acdc": "Si",
    "altezza": "34,3 cm",
    "altezza con supporto": "43,2 cm",
    "altoparlanti incorporati": "Si",
    "angolo di visualizzazione orizzontale": "178\u00b0",
    "angolo di visualizzazione verticale": "178\u00b0",
    "blocco cavo": "No",
    "cavi inclusi": "AC, DVI, USB, VGA",
    "classe efficienza energetica": "Non specificato",
    "colore del prodotto": "Nero",
    "colori del display": "16,77M",
    "compatibile con montaggio vesa": "100 x 100 mm",
    "compatibilit\u00e0 3d": "No",
    "conformit\u00e0 epeat": "Oro",
    "consumi": "24W",
    "consumi modalit\u00e0 risparmio energetico": "19W",
    "consumi modalit\u00e0 spento": "0,3W",
    "consumi modalit\u00e0 standby": "0,3W",
    "dimensioni schermo": "60,45 cm (23.8\")",
    "display surface": "Matt",
    "dot pitch": "0,275 x 0,275 mm",
    "formato": "16:9",
    "fotocamera integrata": "No",
    "frequenza di ingresso": "50/60 Hz",
    "hdcp": "Si",
    "inclinazione": "-5 - 20\u00b0",
    "inclinazione regolabile": "Si",
    "indicatore led alimentazione": "Si",
    "ingresso audio per pc": "Si",
    "interruttore integrato": "Si",
    "larghezza": "56,9 cm",
    "larghezza con supporto": "56,9 cm",
    "led standby": "Si",
    "luminosit\u00e0 schermo": "250 cd/m\u00b2",
    "montabile a parete": "Si",
    "numero di altoparlanti": "2",
    "on screen display osd": "Si",
    "peso": "4,72 kg",
    "peso prodotto con supporto": "5,08 kg",
    "pivot angle": "0 - 90\u00b0",
    "plug  play": "Si",
    "porta dvi": "No",
    "potenza in uscita rms": "2W",
    "profondit\u00e0": "6,35 cm",
    "profondit\u00e0 con supporto": "27,17 cm",
    "quantit\u00e0 displayports": "1",
    "quantit\u00e0 porte dvid": "1",
    "quantit\u00e0 porte hdmi": "1",
    "quantit\u00e0 porte usb 20": "2",
    "quantit\u00e0 porte vga dsub": "1",
    "rapporto di contrasto": "1000:1",
    "rapporto di contrasto dinamico": "5000000:1",
    "regolazione altezza": "12 cm",
    "risoluzione": "1920 x 1080 Pixels",
    "risoluzioni grafiche supportate": "1920 x 1080 (HD 1080)",
    "rotazione": "Si",
    "sintonizzatore tv integrato": "No",
    "tecnologia display": "IPS",
    "tempo di risposta": "5 ms",
    "thin client installato": "No",
    "tipologia display": "LED",
    "tipologia hd": "Full HD",
    "voltaggio di ingresso": "100 - 240V"
}