{
    "<page title>": "Asus LED 21.5 VK228H MONITOR LED",
    "ac power in": "Si",
    "altezza": "387.22 mm",
    "altezza con supporto": "387.22 mm",
    "altezza imballo": "443 mm",
    "altoparlante  cuffia  spinotto di uscita": "1",
    "altoparlanti incorporati": "Si",
    "angolo di visualizzazione orizzontale": "170 \u00b0",
    "angolo di visualizzazione verticale": "160 \u00b0",
    "blocco cavo": "Kensington",
    "bluetooth": "N",
    "cavi inclusi": "AC, Audio (3.5mm), DVI, USB, VGA",
    "certificazione": "UL/cUL, CB, CE, ErP, BSMI, Gost-R, C-Tick, VCCI, J-MOSS",
    "certificazione energy star": "Si",
    "collegamento ethernet lan": "N",
    "colore del prodotto": "Nero",
    "colori del display": "16.77 M",
    "compatibile con montaggio vesa": "100 x 100 mm",
    "compatibilit\u00e0 3d": "N",
    "compatibilit\u00e0 elettromagnetica": "FCC, CCC",
    "compatibilit\u00e0 sistema operativo mac": "Si",
    "conforme agli standard": "TCO 5.2",
    "conformit\u00e0 epeat": "Oro",
    "connessione cuffia": "3.5 mm",
    "connessione wlan": "N",
    "consumi": "25 W",
    "consumi modalit\u00e0 standby": "0.5 W",
    "dimensioni schermo": [
        "546.1 mm (21.5 \")",
        "54.6 cm"
    ],
    "dot pitch": "0.248 x 0.248 mm",
    "formato": "16:9",
    "fotocamera integrata": "Si",
    "frequenza di ingresso": "50/60 Hz",
    "guida rapida": "Si",
    "hdcp": "Si",
    "hdmi": "Si",
    "inclinazione": "20 - -5 \u00b0",
    "indicatore led alimentazione": "Si",
    "indicatori led": "Si",
    "ingresso audio per pc": "Si",
    "interruttore integrato": "Si",
    "intervallo di scansione verticale": "50 - 76 Hz",
    "intervallo di temperatura": "-20 - 60 \u00b0C",
    "intervallo temperatura di funzionamento": "0 - 40 \u00b0C",
    "larghezza": "514.1 mm",
    "larghezza con supporto": "514.1 mm",
    "larghezza imballo": "566 mm",
    "led standby": "Si",
    "luminosit\u00e0 schermo": "250 cd/m\u00b2",
    "manuale dellutente": "Si",
    "megapixel": "1 MP",
    "modalit\u00e0 video supportate": "1080p",
    "montabile a parete": "Si",
    "numero di altoparlanti": "2",
    "numero di prodotti inclusi": "1 pezzi",
    "peso": "3.1 kg",
    "peso incluso imballo": "5.2 kg",
    "plug  play": "Si",
    "potenza in uscita rms": "2 W",
    "profondit\u00e0": "48.4 mm",
    "profondit\u00e0 con supporto": "200.6 mm",
    "profondit\u00e0 imballo": "130 mm",
    "quantit\u00e0 porte dvid": "1",
    "quantit\u00e0 porte hdmi": "1",
    "quantit\u00e0 porte usb 20": "1",
    "quantit\u00e0 porte vga dsub": "1",
    "range di scansione orizzontale": "30 - 82 kHz",
    "range di umidit\u00e0 di funzionamento": "10 - 80 %",
    "rapporto di contrasto dinamico": "80000000:1",
    "regolazioni formato schermo": "4:3",
    "risoluzione": "1920 x 1080 Pixels",
    "risoluzioni grafiche supportate": "1920 x 1080 (HD 1080)",
    "sicurezza": "RoHS, WEEE",
    "sintonizzatore tv integrato": "N",
    "sistema operativo linux supportato": "Si",
    "sistema operativo windows supportato": "Si",
    "source datasheet": ".",
    "tempo di risposta": "5 ms",
    "thin client installato": "N",
    "tipologia display": "LED",
    "tipologia hd": "Full HD",
    "umidit\u00e0": "5 - 90 %",
    "voltaggio di ingresso": "100 - 240 V"
}