{
    "<page title>": "Asus LED 22 VW22AT MONITOR LED",
    "ac power in": "Si",
    "altezza": "340.79 mm",
    "altezza con supporto": "406.23 mm",
    "altezza imballo": "452 mm",
    "altoparlanti incorporati": "Si",
    "angolo di visualizzazione orizzontale": "170 \u00b0",
    "angolo di visualizzazione verticale": "160 \u00b0",
    "blocco cavo": "Kensington",
    "cavi inclusi": "AC, Audio (3.5mm), DVI, VGA",
    "certificazione": "BSMI, CB, CCC, CE, C-Tick, ErP, FCC, Gost-R, J-MOSS, RoHS, TCO5.2, TUV-Ergo, TUV-GS, UL/cUL, VCCI, WEEE, WHQL (Windows 7)",
    "certificazione energy star": "Si",
    "classe efficienza energetica": "Non specificato",
    "colore del prodotto": "Nero",
    "colori del display": "16.77 M",
    "compatibile con montaggio vesa": "100 x 100 mm",
    "compatibilit\u00e0 3d": "N",
    "consumi": "33 W",
    "consumi modalit\u00e0 risparmio energetico": "0.5 W",
    "consumi modalit\u00e0 spento": "0.3 W",
    "controllo del volume": "Digitale",
    "dimensioni schermo": [
        "558.8 mm (22 \")",
        "55.9 cm"
    ],
    "dot pitch": "0.282 x 0.282 mm",
    "formato": "16:10",
    "fotocamera integrata": "N",
    "frequenza di ingresso": "50/60 Hz",
    "frequenza scansione orizzontale": "24 - 83 kHz",
    "frequenza scansione verticale": "50 - 75 Hz",
    "funzione risparmio": "Si",
    "guida rapida": "Si",
    "hdcp": "Si",
    "inclinazione": "-5 - 20 \u00b0",
    "indicatore led alimentazione": "Si",
    "ingresso audio per pc": "Si",
    "interruttore integrato": "Si",
    "intervallo di scansione verticale": "56 - 76 Hz",
    "larghezza": "513.95 mm",
    "larghezza con supporto": "513.95 mm",
    "larghezza imballo": "588 mm",
    "led standby": "Si",
    "luminosit\u00e0 schermo": "250 cd/m\u00b2",
    "montabile a parete": "Si",
    "numero di altoparlanti": "2",
    "numero di prodotti inclusi": "1 pezzi",
    "on screen display osd": "Si",
    "peso": "3.9 kg",
    "peso incluso imballo": "5.4 kg",
    "posizionamento supportato": "Orizzontale",
    "potenza in uscita rms": "2 W",
    "profondit\u00e0": "63.34 mm",
    "profondit\u00e0 con supporto": "210.32 mm",
    "profondit\u00e0 imballo": "146 mm",
    "quantit\u00e0 porte dvid": "1",
    "quantit\u00e0 porte vga dsub": "1",
    "range di scansione orizzontale": "31 - 83 kHz",
    "rapporto di contrasto dinamico": "50000000:1",
    "regolazione altezza": "N",
    "risoluzione": "1680 x 1050 Pixels",
    "risoluzione massima": "1680 x 1050 Pixels",
    "risoluzioni grafiche supportate": "1680 x 1050 (WSXGA+)",
    "sintonizzatore tv integrato": "N",
    "sistema operativo windows supportato": "Si",
    "source datasheet": ".",
    "tempo di risposta": "5 ms",
    "thin client installato": "N",
    "tipologia display": "LED",
    "tipologia hd": "N",
    "voltaggio di ingresso": "100 - 240 V"
}