{
    "<page title>": "3M C2234SW 22.0\" Monitor (98-0003-3598-8) - PCPartPicker Canada",
    "aspect ratio": "16:10",
    "brightness": "250 cd/m\u00b2",
    "builtin speakers": "No",
    "contrast ratio": "1000:1",
    "display colors": "16700000",
    "dvi": "1",
    "ips": "No",
    "led": "No",
    "manufacturer": "3M",
    "model": "C2234SW",
    "part": "98-0003-3598-8",
    "recommended resolution": "1680 x 1050",
    "response time": "5 ms",
    "screen size": "22\"",
    "vga": "1",
    "viewing angle": "170\u00b0 H x 160\u00b0 V",
    "widescreen": "Yes"
}