{
    "<page title>": "Philips 241B4LPYCB 60Hz 24.0\" Monitor (241B4LPYCB) - PCPartPicker Canada",
    "aspect ratio": "16:9",
    "brightness": "250 cd/m\u00b2",
    "builtin speakers": "Yes",
    "contrast ratio": "20,000,000:1",
    "display colors": "16700000",
    "displayport": "1",
    "dvi": "1",
    "ips": "No",
    "led": "Yes",
    "manufacturer": "Philips",
    "part": "241B4LPYCB",
    "recommended resolution": "1920 x 1080",
    "refresh rate": "60Hz",
    "response time": "5 ms",
    "screen size": "24\"",
    "vga": "1",
    "viewing angle": "170\u00b0 H x 160\u00b0 V",
    "widescreen": "Yes"
}