{
    "<page title>": "Asus VG278HE 144Hz 27.0\" Monitor (VG278HE) - PCPartPicker Canada",
    "aspect ratio": "16:9",
    "brightness": "300 cd/m\u00b2",
    "builtin speakers": "Yes",
    "contrast ratio": "50,000,000:1",
    "display colors": "16700000",
    "dvid duallink": "1",
    "hdmi": "1",
    "ips": "No",
    "led": "Yes",
    "manufacturer": "Asus",
    "part": "VG278HE",
    "recommended resolution": "1920 x 1080",
    "refresh rate": "144Hz",
    "response time": "2 ms",
    "screen size": "27\"",
    "vga": "1",
    "viewing angle": "170\u00b0 H x 160\u00b0 V",
    "widescreen": "Yes"
}