{
    "<page title>": "Dell U2413 60Hz 24.0\" Monitor (469-4030) - PCPartPicker Canada",
    "aspect ratio": "16:10",
    "brightness": "350 cd/m\u00b2",
    "builtin speakers": "Yes",
    "contrast ratio": "2,000,000:1 (1000:1)",
    "display colors": "1070000000",
    "displayport": "1",
    "dvi": "1",
    "hdmi": "1",
    "ips": "Yes",
    "led": "Yes",
    "manufacturer": "Dell",
    "model": "U2413",
    "part": "469-4030\n(or) U2413",
    "recommended resolution": "1920 x 1200",
    "refresh rate": "60Hz",
    "response time": "6 ms",
    "screen size": "24\"",
    "viewing angle": "178\u00b0 H x 178\u00b0 V",
    "widescreen": "Yes"
}