{
    "<page title>": "BenQ XL2420Z 144Hz 24.0\" Monitor (XL2420Z) - PCPartPicker Canada",
    "aspect ratio": "16:9",
    "brightness": "350 cd/m\u00b2",
    "builtin speakers": "No",
    "displayport": "1",
    "dvi": "1",
    "hdmi": "2",
    "ips": "No",
    "led": "Yes",
    "manufacturer": "BenQ",
    "part": "XL2420Z",
    "recommended resolution": "1920 x 1080",
    "refresh rate": "144Hz",
    "response time": "1 ms",
    "screen size": "24\"",
    "vga": "1",
    "viewing angle": "170\u00b0 H x 160\u00b0 V",
    "widescreen": "Yes"
}