{
    "<page title>": "Asus VN279Q 27.0\" Monitor (VN279Q) - PCPartPicker Canada",
    "aspect ratio": "16:9",
    "brightness": "300 cd/m\u00b2",
    "builtin speakers": "Yes",
    "contrast ratio": "100000000:1",
    "display colors": "16700000",
    "displayport": "1",
    "hdmi": "1",
    "ips": "No",
    "led": "Yes",
    "manufacturer": "Asus",
    "part": "VN279Q",
    "recommended resolution": "1920 x 1080",
    "response time": "5 ms",
    "screen size": "27\"",
    "vga": "1",
    "viewing angle": "178\u00b0 H x 178\u00b0 V",
    "widescreen": "Yes"
}