{
    "<page title>": "AOC E960SRDA 60Hz 19.0\" Monitor (E960SRDA) - PCPartPicker Canada",
    "aspect ratio": "5:4",
    "brightness": "250 cd/m\u00b2",
    "builtin speakers": "Yes",
    "contrast ratio": "20000000:1",
    "display colors": "16000000",
    "dvi": "1",
    "ips": "No",
    "led": "Yes",
    "manufacturer": "AOC",
    "part": "E960SRDA",
    "recommended resolution": "1280 x 1024",
    "refresh rate": "60Hz",
    "response time": "5 ms",
    "screen size": "19\"",
    "vga": "1",
    "widescreen": "No"
}