{
    "<page title>": "Hannspree HE225DPB 21.5\" Monitor (HE225DPB) - PCPartPicker Canada",
    "aspect ratio": "16:9",
    "brightness": "250 cd/m\u00b2",
    "builtin speakers": "Yes",
    "contrast ratio": "Active Contrast 40,000,000:1 (1,000:1)",
    "display colors": "16700000",
    "dvi": "1",
    "ips": "No",
    "led": "Yes",
    "manufacturer": "Hannspree",
    "part": "HE225DPB",
    "recommended resolution": "1920 x 1080",
    "response time": "5 ms",
    "screen size": "21.5\"",
    "vga": "1",
    "viewing angle": "170\u00b0 H x 160\u00b0 V",
    "widescreen": "Yes"
}