{
    "<page title>": "Philips 246V5LHAB/27 60Hz 24.0\" Monitor (246V5LHAB/27) - PCPartPicker Canada",
    "aspect ratio": "16:9",
    "brightness": "250 cd/m\u00b2",
    "builtin speakers": "Yes",
    "contrast ratio": "1000:1",
    "display colors": "16700000",
    "hdmi": "5",
    "ips": "No",
    "led": "Yes",
    "manufacturer": "Philips",
    "part": "246V5LHAB/27",
    "recommended resolution": "1920 x 1080",
    "refresh rate": "60Hz",
    "response time": "5 ms",
    "screen size": "24\"",
    "viewing angle": "170\u00b0 H x 160\u00b0 V",
    "widescreen": "Yes"
}