{
    "<page title>": "3M M2767PW 27.0\" Monitor (98-0003-3787-7) - PCPartPicker Canada",
    "aspect ratio": "16:9",
    "brightness": "250 cd/m\u00b2",
    "builtin speakers": "Yes",
    "contrast ratio": "5000:1",
    "display colors": "16700000",
    "displayport": "1",
    "hdmi": "1",
    "ips": "No",
    "led": "No",
    "manufacturer": "3M",
    "model": "M2767PW",
    "part": "98-0003-3787-7",
    "recommended resolution": "1920 x 1080",
    "response time": "25 ms",
    "screen size": "27\"",
    "vga": "1",
    "viewing angle": "178\u00b0 H x 178\u00b0 V",
    "widescreen": "Yes"
}