{
    "<page title>": "273V5LHAB/00, 2788644, Philips, LCD Monitor, JR Linton",
    "adjustable display angle": "Yes",
    "aspect ratio": "16:9",
    "backlight technology": "LED",
    "brand name": "Philips",
    "brightness": "300 cd/m\u00b2",
    "builtin devices": "Speaker",
    "certifications  standards": "BSMI CE Mark FCC Class B GOST PSB SASO SEMKO TUV/ISO9241-307 cETLus",
    "colour": "Black",
    "colour support": "16.7 Million Colours",
    "contrast ratio": "1,000:1",
    "depth": "57 mm",
    "depth with stand": "240 mm",
    "dvi": "Yes",
    "features": [
        "Security Lock",
        "SmartContrast",
        "Sync on Green"
    ],
    "green compliance certificateauthority": [
        "TCO Certified Displays",
        "ENERGY STAR 6.0",
        "EPEAT Silver",
        "WEEE",
        "RoHS"
    ],
    "green compliant": "Yes",
    "hdcp supported": "Yes",
    "hdmi": "Yes",
    "headphone": "Yes",
    "height": "398 mm",
    "height with stand": "471 mm",
    "horizontal viewing angle": "170\u00b0",
    "input voltage": [
        "220 V AC",
        "110 V AC"
    ],
    "manufacturer": "Philips Electronics",
    "manufacturer part number": "273V5LHAB/00",
    "maximum resolution": "1920 x 1080",
    "number of screens": "1",
    "number of speakers": "2",
    "offmode power consumption": "300 mW",
    "operating power consumption": "19.65 W",
    "platform supported": [
        "Mac",
        "PC"
    ],
    "product line": "V-line",
    "product model": "273V5LHAB",
    "product name": "LCD Monitor With SmartControl Lite",
    "product type": "LCD Monitor",
    "response time": "5 ms",
    "screen mode": "Full HD",
    "screen size": "68.6 cm (27\")",
    "speakers": "Yes",
    "standard refresh rate": "60 Hz",
    "standby power consumption": "500 mW",
    "vertical viewing angle": "160\u00b0",
    "vesa mount compatible": "Yes",
    "vesa mount standard": "100 x 100",
    "vga": "Yes",
    "weight approximate": "4 kg",
    "weight with stand approximate": "4.53 kg",
    "width": "646 mm",
    "width with stand": "646 mm"
}