{
    "<page title>": "VN279Q, 3110825, ASUSTeK COMPUTER, LCD Monitor, JR Linton",
    "adjustable display angle": "Yes",
    "aspect ratio": "16:9",
    "backlight technology": "LED",
    "brand name": "Asus",
    "brightness": "300 cd/m\u00b2",
    "builtin devices": "Speaker",
    "colour": "Black",
    "colour support": "16.7 Million Colours",
    "contrast ratio": "100,000,000:1",
    "depth": "188 mm",
    "depth with stand": "209.80 mm",
    "displayport": "Yes",
    "features": [
        "Security Lock",
        "MultiScreen",
        "Splendid Video Intelligence Technology",
        "Mobile High-Definition Link (MHL)"
    ],
    "hdcp supported": "Yes",
    "hdmi": "Yes",
    "headphone": "Yes",
    "height": "535.9 mm",
    "horizontal frequency": "67.50 kHz",
    "horizontal viewing angle": "178\u00b0",
    "manufacturer": "ASUS Computer International",
    "manufacturer part number": "VN279Q",
    "maximum resolution": "1920 x 1080",
    "mount type": "Wall Mountable",
    "number of screens": "1",
    "number of speakers": "2",
    "offmode power consumption": "300 mW",
    "operating power consumption": "35 W",
    "panel technology": "Advanced-Multi-domain Vertical Alignment (A-MVA)",
    "platform supported": "PC",
    "product model": "VN279Q",
    "product name": "VN279Q Widescreen LCD Monitor",
    "product series": "VN",
    "product type": "LCD Monitor",
    "response time": "5 ms",
    "screen mode": "Full HD",
    "screen size": "68.6 cm (27\")",
    "speakers": "Yes",
    "standby power consumption": "500 mW",
    "vertical viewing angle": "178\u00b0",
    "vesa mount compatible": "Yes",
    "vesa mount standard": "100 x 100",
    "vga": "Yes",
    "weight approximate": "4.80 kg",
    "width": "706.1 mm"
}