{
    "3d compatibility": "No",
    "<page title>": "ASUS VS197D  18.5 INCH LED  TN  1366 X 768  5MS  VGA  TILT  75 X 75 VESA  BLACK - MBE",
    "ac power in": "Yes",
    "aspect ratio": "16:9",
    "builtin camera": [
        "No",
        "No",
        "No"
    ],
    "builtin speakers": [
        "No",
        "No",
        "No"
    ],
    "cable lock slot": [
        "Kensington",
        "Kensington"
    ],
    "cables included": [
        "VGA",
        "VGA"
    ],
    "certification": "UL/cUL, CB, CE, EuP, FCC, CCC, BSMI, Gost-R, C-Tick, VCCI, PSB, EK, J-MOSS, RoHS, WEEE",
    "colour of product": [
        "Black",
        "Black"
    ],
    "contrast ratio dynamic": "50000000:1",
    "depth with stand": "18.5 cm",
    "display": "LCD",
    "display brightness": "250 cd/m\u00c2\u00b2",
    "display diagonal": "46.99 cm (18.5\")",
    "display number of colours": "16.77M",
    "display resolution": "1366 x 768 pixels",
    "energy star certified": "Yes",
    "hd type": "HD-Ready",
    "hdcp": "No",
    "height with stand": "34.6 cm",
    "horizontal scan range": "24 - 83 kHz",
    "input frequency": "50/60 Hz",
    "input voltage": "100 - 240V",
    "package weight": [
        "4.05 kg",
        "4.05 kg"
    ],
    "packaging depth": [
        "11.4 cm",
        "11.4 cm"
    ],
    "packaging height": [
        "42.1 cm",
        "42.1 cm"
    ],
    "packaging width": [
        "49.5 cm",
        "49.5 cm"
    ],
    "power consumption off": "0.5W",
    "power consumption powersave": "0.5W",
    "power consumption typical": "21W",
    "power led": [
        "Yes",
        "Yes"
    ],
    "quick start guide": [
        "Yes",
        "Yes"
    ],
    "response time": "5 ms",
    "standby led": [
        "Yes",
        "Yes"
    ],
    "supported graphics resolutions": "1366 \u00d1\u2026 768",
    "thin client installed": "No",
    "tilt angle": "-5 - 20\u00c2\u00b0",
    "tv tuner integrated": [
        "No",
        "No"
    ],
    "vertical scan range": "50 - 75 Hz",
    "vesa mounting interfaces compatibility": "75 x 75 mm",
    "vga dsub ports quantity": "1",
    "viewing angle horizontal": "170\u00c2\u00b0",
    "viewing angle vertical": "160\u00c2\u00b0",
    "wall mountable": "Yes",
    "weight": "2.75 kg",
    "width": "44.7 cm",
    "width with stand": "44.7 cm",
    "windows operating systems supported": [
        "Windows 7 Home Premium, Windows 7 Home Premium x64, Windows 7 Professional, Windows 7 Professional x64, Windows 7 Starter, Windows 7 Starter x64, Windows 7 Ultimate, Windows 7 Ultimate x64, Windows Vista Business, Windows Vista Business x64, Windows Vista Home Basic, Windows Vista Home Basic x64, Windows Vista Home Premium, Windows Vista Home Premium x64, Windows Vista Ultimate, Windows Vista Ultimate x64, Windows XP Home, Windows XP Home x64, Windows XP Professional, Windows XP Professional x64",
        "Windows 7 Home Premium, Windows 7 Home Premium x64, Windows 7 Professional, Windows 7 Professional x64, Windows 7 Starter, Windows 7 Starter x64, Windows 7 Ultimate, Windows 7 Ultimate x64, Windows Vista Business, Windows Vista Business x64, Windows Vista Home Basic, Windows Vista Home Basic x64, Windows Vista Home Premium, Windows Vista Home Premium x64, Windows Vista Ultimate, Windows Vista Ultimate x64, Windows XP Home, Windows XP Home x64, Windows XP Professional, Windows XP Professional x64"
    ]
}