{
    "3d compatibility": "No",
    "<page title>": "DELL S Series S2440L - MBE",
    "ac adapter included": [
        "Yes",
        "Yes"
    ],
    "aspect ratio": "16:9",
    "builtin camera": [
        "No",
        "No",
        "No"
    ],
    "builtin speakers": [
        "No",
        "No",
        "No"
    ],
    "cable lock slot": [
        "Yes",
        "Yes"
    ],
    "cables included": [
        "VGA",
        "VGA"
    ],
    "colour of product": [
        "Black",
        "Black"
    ],
    "contrast ratio dynamic": "8000000:1",
    "contrast ratio typical": "5000:1",
    "depth": "19.08 cm",
    "display": "LED",
    "display brightness": "250 cd/m\u00c2\u00b2",
    "display diagonal": "60.96 cm (24\")",
    "display diagonal metric": "60.97 cm",
    "display number of colours": "16.77M",
    "display resolution": "1920 x 1080 pixels",
    "dvi port": "No",
    "energy efficiency class": "Unspecified",
    "energy star certified": "Yes",
    "epeat compliance": "Silver",
    "hd type": "Full HD",
    "hdcp": "No",
    "hdmi ports quantity": "1",
    "height": "41.79 cm",
    "height adjustment": "No",
    "input current": "1.2A",
    "input frequency": "47-63 Hz",
    "input voltage": "100 - 240V",
    "package weight": [
        "5.91 kg",
        "5.91 kg"
    ],
    "pixel pitch": "0.277 x 0.277 mm",
    "power consumption standby": "0.5W",
    "power consumption typical": "18W",
    "product type": "PC monitor",
    "quick start guide": [
        "Yes",
        "Yes"
    ],
    "response time": "6 ms",
    "supported graphics resolutions": "1920 x 1080 (HD 1080)",
    "thin client installed": "No",
    "tilt adjustment": "Yes",
    "tv tuner integrated": [
        "No",
        "No"
    ],
    "vesa mounting interfaces compatibility": "No",
    "vga dsub ports quantity": "1",
    "viewable size horizontal": "53.136 cm",
    "viewable size vertical": "29.889 cm",
    "viewing angle horizontal": "178\u00c2\u00b0",
    "viewing angle vertical": "178\u00c2\u00b0",
    "wall mountable": "No",
    "weight": "3.6 kg",
    "weight with stand": "4.95 kg",
    "width": "56.74 cm"
}