{
    "3d compatibility": "No",
    "<page title>": "Benq GL2460HM - MBE",
    "ac adapter included": [
        "Yes",
        "Yes"
    ],
    "aspect ratio": "16:9",
    "builtin camera": [
        "No",
        "No",
        "No"
    ],
    "builtin speakers": [
        "Yes",
        "Yes",
        "Yes"
    ],
    "cable lock slot": [
        "Kensington",
        "Kensington"
    ],
    "cables included": [
        "AC",
        "AC"
    ],
    "certification": "TCO 6.0",
    "colour of product": [
        "Black",
        "Black"
    ],
    "contrast ratio dynamic": "12000000:1",
    "contrast ratio typical": "1000:1",
    "depth with stand": "19.4 cm",
    "display": "LED",
    "display brightness": "250 cd/m\u00c2\u00b2",
    "display diagonal": "60.96 cm (24\")",
    "display diagonal metric": "60.96 cm",
    "display number of colours": "16.77M",
    "display resolution": "1920 x 1080 pixels",
    "display technology": "TN+Film",
    "dvi port": "Yes",
    "energy star certified": "Yes",
    "hd type": "Full HD",
    "hdcp": "Yes",
    "hdmi ports quantity": "1",
    "headphone outputs": "1",
    "height adjustment": "No",
    "height with stand": "43.4 cm",
    "input voltage": "95 - 265V",
    "led indicators": [
        "Yes",
        "Yes"
    ],
    "manual": [
        "Yes",
        "Yes"
    ],
    "number of loudspeakers": [
        "2",
        "2",
        "2"
    ],
    "number of osd languages": [
        "17",
        "17"
    ],
    "on screen display osd": [
        "Yes",
        "Yes"
    ],
    "package weight": [
        "5.8 kg",
        "5.8 kg"
    ],
    "packaging depth": [
        "12.3 cm",
        "12.3 cm"
    ],
    "packaging height": [
        "41.7 cm",
        "41.7 cm"
    ],
    "packaging width": [
        "64.9 cm",
        "64.9 cm"
    ],
    "pixel pitch": "0.276 x 0.276 mm",
    "power consumption powersave": "0.3W",
    "power consumption typical": "23W",
    "power led": [
        "Yes",
        "Yes"
    ],
    "product type": "PC monitor",
    "quick start guide": [
        "Yes",
        "Yes"
    ],
    "response time": "2 ms",
    "rms rated power": [
        "2W",
        "2W",
        "2W"
    ],
    "standby led": [
        "Yes",
        "Yes"
    ],
    "supported graphics resolutions": "1920 x 1080 (HD 1080)",
    "supported video modes": "1080p",
    "thin client installed": "No",
    "tilt adjustment": "Yes",
    "tilt angle": "-5 - 20\u00c2\u00b0",
    "tv tuner integrated": [
        "No",
        "No"
    ],
    "vesa mounting interfaces compatibility": "100 x 100 mm",
    "vga dsub ports quantity": "1",
    "viewing angle horizontal": "170\u00c2\u00b0",
    "viewing angle vertical": "160\u00c2\u00b0",
    "wall mountable": "Yes",
    "weight with stand": "4.3 kg",
    "width": "56.5 cm",
    "width with stand": "56.5 cm",
    "windows operating systems supported": [
        "Windows 7 Home Basic, Windows 7 Home Basic x64, Windows 7 Home Premium, Windows 7 Home Premium x64, Windows 7 Professional, Windows 7 Professional x64, Windows 7 Starter, Windows 7 Starter x64, Windows 7 Ultimate, Windows 7 Ultimate x64, Windows 8, Windows 8 Enterprise, Windows 8 Enterprise x64, Windows 8 Pro, Windows 8 Pro x64, Windows 8 x64",
        "Windows 7 Home Basic, Windows 7 Home Basic x64, Windows 7 Home Premium, Windows 7 Home Premium x64, Windows 7 Professional, Windows 7 Professional x64, Windows 7 Starter, Windows 7 Starter x64, Windows 7 Ultimate, Windows 7 Ultimate x64, Windows 8, Windows 8 Enterprise, Windows 8 Enterprise x64, Windows 8 Pro, Windows 8 Pro x64, Windows 8 x64"
    ]
}