{
    "3d compatibility": "No",
    "<page title>": "NEC MultiSync E223W - MBE",
    "ac power in": "Yes",
    "aspect ratio": "16:10",
    "backlight type": "W-LED",
    "bluetooth": "No",
    "builtin camera": [
        "No",
        "No",
        "No"
    ],
    "builtin speakers": [
        "No",
        "No",
        "No"
    ],
    "cable lock slot": [
        "Kensington",
        "Kensington"
    ],
    "cables included": [
        "AC, DVI, VGA",
        "AC, DVI, VGA"
    ],
    "certification": "TCO 5.2",
    "colour of product": [
        "White",
        "White"
    ],
    "contrast ratio dynamic": "25000:1",
    "contrast ratio typical": "1000:1",
    "depth": "21.8 cm",
    "display": "LED",
    "display brightness": "250 cd/m\u00c2\u00b2",
    "display diagonal": "55.88 cm (22\")",
    "display diagonal metric": "55.87 cm",
    "display number of colours": "16.77M",
    "display resolution": "1680 x 1050 pixels",
    "display srgb": "Yes",
    "display technology": "TN+Film",
    "displayports quantity": "1",
    "dvid ports quantity": "1",
    "energy efficiency class": "Unspecified",
    "energy star certified": "Yes",
    "epeat compliance": "Silver",
    "ethernet lan": "No",
    "hd type": "No",
    "hdcp": "Yes",
    "height": "38.4 cm",
    "height adjustment": [
        "Yes",
        "11 cm"
    ],
    "horizontal scan range": "31.5 - 82.3 kHz",
    "input frequency": "50/60 Hz",
    "input voltage": "100 - 240V",
    "led indicators": [
        "Yes",
        "Yes"
    ],
    "linux operating systems supported": [
        "Yes",
        "Yes"
    ],
    "manual": [
        "Yes",
        "Yes"
    ],
    "on screen display osd": [
        "Yes",
        "Yes"
    ],
    "onoff switch": [
        "Yes",
        "Yes"
    ],
    "operating relative humidity hh": "20 - 80%",
    "operating temperature tt": "5 - 35 \u00c2\u00b0C",
    "pivot": "Yes",
    "pivot angle": "0 - 90\u00c2\u00b0",
    "pixel pitch": "0.282 x 0.282 mm",
    "plug and play": [
        "Yes",
        "Yes"
    ],
    "power consumption max": "25W",
    "power consumption powersave": "12W",
    "power consumption standby": "0.4W",
    "power led": [
        "Yes",
        "Yes"
    ],
    "quick start guide": [
        "Yes",
        "Yes"
    ],
    "response time": "5 ms",
    "standby led": [
        "Yes",
        "Yes"
    ],
    "supported graphics resolutions": "1280 x 960, 1366 x 768, 1024 x 768 (XGA), 1280 x 1024 (SXGA), 1280 x 720 (HD 720), 1280 x 768 (WXGA), 1360 x 768 (WXGA), 1400 x 1050 (SXGA+), 1440 x 900 (WXGA+), 1600 x 1200 (UXGA), 1680 x 1050 (WSXGA+), 640 x 480 (VGA), 800 x 600 (SVGA)",
    "swivel angle range": "-170 - 170\u00c2\u00b0",
    "swivelling": "Yes",
    "thin client installed": "No",
    "tilt adjustment": "Yes",
    "tilt angle": "-5 - 30\u00c2\u00b0",
    "tv tuner integrated": [
        "No",
        "No"
    ],
    "vertical scan range": "56 - 75 Hz",
    "vesa mounting interfaces compatibility": "100 x 100 mm",
    "vga dsub ports quantity": "1",
    "viewing angle horizontal": "170\u00c2\u00b0",
    "viewing angle vertical": "160\u00c2\u00b0",
    "wall mountable": "Yes",
    "weight": "5.6 kg",
    "width": "50.35 cm",
    "wifi": "No",
    "windows operating systems supported": [
        "Yes",
        "Yes"
    ]
}