{
    "<page title>": "HP EliteDisplay E241i - MBE",
    "aspect ratio": "16:10",
    "colour of product": [
        "Silver",
        "Silver"
    ],
    "contrast ratio dynamic": "5000000:1",
    "contrast ratio typical": "1000:1",
    "depth": "5.5 cm",
    "depth with stand": "27.62 cm",
    "display": "LED",
    "display brightness": "250 cd/m\u00c2\u00b2",
    "display diagonal": "60.96 cm (24\")",
    "display diagonal metric": "61 cm",
    "display resolution": "1920 x 1200 pixels",
    "display technology": "IPS",
    "displayports quantity": "1",
    "dvi port": "Yes",
    "dvid ports quantity": "1",
    "energy efficiency class": "Unspecified",
    "energy star certified": "Yes",
    "epeat compliance": "Gold",
    "hdcp": "Yes",
    "height": "36.26 cm",
    "height with stand": "51.656 cm",
    "input voltage": "90 - 265V",
    "operating relative humidity hh": "25 - 85%",
    "operating temperature tt": "5 - 35 \u00c2\u00b0C",
    "pixel pitch": "0.27 x 0.27 mm",
    "power consumption max": "40W",
    "power consumption standby": "0.5W",
    "power consumption typical": "35W",
    "response time": "8 ms",
    "swivel angle range": "-180 - 180\u00c2\u00b0",
    "swivelling": "Yes",
    "thin client installed": "No",
    "tilt angle": "-5 - 30\u00c2\u00b0",
    "tv tuner integrated": [
        "No",
        "No"
    ],
    "usb 20 ports quantity": "3",
    "vga dsub ports quantity": "1",
    "viewing angle horizontal": "178\u00c2\u00b0",
    "viewing angle vertical": "178\u00c2\u00b0",
    "weight": "6.58 kg",
    "width": "55.6 cm",
    "width with stand": "55.6 cm"
}