{
    "<page title>": "Elo TouchSystems 1919L - MBE",
    "aspect ratio": "16:9",
    "builtin speakers": [
        "Yes",
        "Yes"
    ],
    "camera included": [
        "No",
        "No"
    ],
    "certification": [
        "UL, cUL, NOM, CB, S-mark, CCC, VCCI, KC, KKC, BSMI, RoHS, China RoHS, WEEE, IMERC, CE",
        "UL, cUL, NOM, CB, S-mark, CCC, VCCI, KC, KKC, BSMI, RoHS, China RoHS, WEEE, IMERC, CE"
    ],
    "colour of product": [
        "Grey",
        "Grey"
    ],
    "contrast ratio typical": "1000:1",
    "dimensions w x d x h with stand": "454 x 236 x 321 mm",
    "display brightness": "200 cd/m\u00c2\u00b2",
    "display diagonal": "46.99 cm (18.5\")",
    "display resolution": "1366 x 768 pixels",
    "display type": "LCD",
    "display viewable area hxv": "410 x 230 mm",
    "full hd": "No",
    "hdready": "Yes",
    "horizontal scan range": "30 - 83 kHz",
    "input frequency": "50/60 Hz",
    "input voltage": "100 - 240V",
    "maximum resolution": [
        "1680 x 1050 DPI",
        "1680 x 1050 DPI"
    ],
    "mean time between failures mtbf": [
        "50000h",
        "50000h"
    ],
    "native resolution": [
        "1366 x 768",
        "1366 x 768"
    ],
    "nonoperating altitude": "0 - 12192m",
    "number of colours": "16.7M",
    "number of loudspeakers": [
        "2",
        "2"
    ],
    "on screen display osd": [
        "Yes",
        "Yes"
    ],
    "operating altitude": "0 - 3658m",
    "operating relative humidity hh": "20 - 80%",
    "operating temperature tt": "0 - 40 \u00c2\u00b0C",
    "package dimensions wxdxh": [
        "570 x 415 x 225 mm",
        "570 x 415 x 225 mm"
    ],
    "package weight": [
        "9.7 kg",
        "9.7 kg"
    ],
    "power consumption typical": "18.5W",
    "response time": "5 ms",
    "rs232 ports": "1",
    "storage relative humidity hh": "10 - 90%",
    "storage temperature tt": "-20 - 60 \u00c2\u00b0C",
    "usb 20 ports quantity": "1",
    "vertical scan range": "50 - 75 Hz",
    "vesa mounting interfaces compatibility": "100 x 100 mm",
    "vga dsub ports quantity": "1",
    "viewing angle horizontal": "170\u00c2\u00b0",
    "viewing angle vertical": "160\u00c2\u00b0",
    "wall mountable": "Yes",
    "weight with stand": "6.8 kg"
}