{
    "<page title>": "NEC MultiSync EX231W - MBE",
    "aspect ratio": "16:9",
    "bezel width side": "1.4 cm",
    "builtin camera": [
        "No",
        "No",
        "No"
    ],
    "builtin speakers": [
        "No",
        "No",
        "No"
    ],
    "cable lock slot": [
        "Kensington",
        "Kensington"
    ],
    "certification": "EPEAT Gold; CE; ERP; TCO 5.0; T\u00c3\u0153V GS; FCC Class B; PCT/Gost; UL/C-UL / CSA; CCC; ISO 9241-307 (class I); MPR II/ MPR III",
    "colour of product": [
        "Black",
        "Black"
    ],
    "contrast ratio dynamic": "25000:1",
    "contrast ratio typical": "1000:1",
    "depth": "4.77 cm",
    "depth with stand": "21.5 cm",
    "digital horizontal frequency": "31.5 - 82.3 kHz",
    "digital vertical frequency": "56 - 75 Hz",
    "display brightness": "250 cd/m\u00c2\u00b2",
    "display diagonal": "58.42 cm (23\")",
    "display number of colours": "16.77M",
    "display resolution": "1920 x 1080 pixels",
    "displayports quantity": "1",
    "hdcp": "No",
    "height": "31.83 cm",
    "height adjustment": "11 cm",
    "height with stand": "40.13 cm",
    "manual": [
        "Yes",
        "Yes"
    ],
    "operating relative humidity hh": "20 - 80%",
    "operating temperature tt": "5 - 35 \u00c2\u00b0C",
    "plug and play": [
        "Yes",
        "Yes"
    ],
    "power consumption standby": "0.38W",
    "power consumption typical": "32W",
    "power requirements": "100-120 V/220-240 V; 0.6 A/0.35 A",
    "response time": "5 ms",
    "standby led": [
        "Yes",
        "Yes"
    ],
    "storage relative humidity hh": "10 - 85%",
    "storage temperature tt": "-10 - 60 \u00c2\u00b0C",
    "swivel angle range": "-170 - 170\u00c2\u00b0",
    "tilt angle": "-5 - 30\u00c2\u00b0",
    "tv tuner integrated": [
        "No",
        "No"
    ],
    "vesa mounting interfaces compatibility": "100 x 100 mm",
    "viewing angle horizontal": "170\u00c2\u00b0",
    "viewing angle vertical": "160\u00c2\u00b0",
    "weight": "2.8 kg",
    "weight with stand": "4.1 kg",
    "width": "54.02 cm",
    "width with stand": "54.02 cm"
}