{
    "3d compatibility": "No",
    "<page title>": "ASUS VN289H  28 INCH Wide Screen (16:9)  VA  SPEAKERS 2W x 2 VESA  HDMIMHL*2  D-Sub  Black - MBE",
    "aspect ratio": "16:9",
    "audio input": "Yes",
    "audio output": "Yes",
    "builtin camera": [
        "No",
        "No",
        "No"
    ],
    "builtin speakers": [
        "Yes",
        "Yes",
        "Yes"
    ],
    "builtin subwoofer": [
        "No",
        "No",
        "No"
    ],
    "cable lock slot": [
        "Kensington",
        "Kensington"
    ],
    "cables included": [
        "AC, Audio (3.5mm), VGA",
        "AC, Audio (3.5mm), VGA"
    ],
    "card reader integrated": [
        "No",
        "No"
    ],
    "certification": "Energy Star, BSMI, CB, CCC, CE, CEL level 1, C-Tick, CU, ErP, FCC, PSE, RoHS, TCO6.0, UL/cUL, VCCI, WEEE, WHQL (Windows 8, Windows 7), MEPS",
    "colour of product": [
        "Black",
        "Black"
    ],
    "contrast ratio dynamic": "80000000:1",
    "contrast ratio typical": "3000:1",
    "depth": "6.37 cm",
    "depth with stand": "21 cm",
    "digital horizontal frequency": "30 - 80 kHz",
    "digital vertical frequency": "50 - 75 Hz",
    "display brightness": "300 cd/m\u00c2\u00b2",
    "display diagonal": "71.12 cm (28\")",
    "display diagonal metric": "71.12 cm",
    "display number of colours": "16.77M",
    "display resolution": "1920 x 1080 pixels",
    "dvi port": "No",
    "energy efficiency class": "Unspecified",
    "energy star certified": "Yes",
    "hd type": "Full HD",
    "hdcp": "Yes",
    "hdmi ports quantity": "2",
    "headphone out": "Yes",
    "headphone outputs": "1",
    "height": "38.07 cm",
    "height with stand": "45.07 cm",
    "horizontal scan range": "30 - 80 kHz",
    "mobile highdefinition link mhl": "Yes",
    "number of loudspeakers": [
        "2",
        "2",
        "2"
    ],
    "package weight": [
        "7.9 kg",
        "7.9 kg"
    ],
    "packaging depth": [
        "15 cm",
        "15 cm"
    ],
    "packaging height": [
        "56.1 cm",
        "56.1 cm"
    ],
    "packaging width": [
        "73.2 cm",
        "73.2 cm"
    ],
    "pixel pitch": "0.32 x 0.32 mm",
    "power consumption off": "0.5W",
    "power consumption standby": "0.5W",
    "power consumption typical": "35W",
    "quick start guide": [
        "Yes",
        "Yes"
    ],
    "response time": "5 ms",
    "rms rated power": [
        "4W",
        "4W",
        "4W"
    ],
    "supported graphics resolutions": "1920 x 1080 (HD 1080)",
    "supported video modes": "1080p",
    "thin client installed": "No",
    "tilt adjustment": "Yes",
    "tilt angle": "-5 - 22\u00c2\u00b0",
    "tv tuner integrated": [
        "No",
        "No"
    ],
    "vertical scan range": "50 - 75 Hz",
    "vesa mounting interfaces compatibility": "100 x 100 mm",
    "vga dsub ports quantity": "1",
    "viewing angle horizontal": "178\u00c2\u00b0",
    "viewing angle vertical": "178\u00c2\u00b0",
    "wall mountable": "Yes",
    "weight": "5.2 kg",
    "width": "66.02 cm",
    "width with stand": "66.02 cm"
}