{
    "<page title>": "Dell 469-3133 Professional P1913 LED Monitor 19\" - Vology",
    "aspect ratio": [
        "Widescreen - 16:10",
        "Widescreen - 16:10"
    ],
    "backlight technology": "LED backlight",
    "brightness": [
        "250 cd/m2",
        "250 cd/m2"
    ],
    "bundled with": [
        "3-Years Advanced Exchange Service and Premium Panel Guarantee",
        "3-Years Advanced Exchange Service and Premium Panel Guarantee"
    ],
    "cables included": "1 x VGA cable \u00a6 1 x DVI cable \u00a6 1 x USB cable",
    "color support": [
        "16.7 million colors",
        "16.7 million colors"
    ],
    "compatible with windows 7": "\"Compatible with Windows 7\" software and devices carry Microsoft\u2019s assurance that these products have passed tests for compatibility and reliability with 32-bit and 64-bit Windows 7.",
    "compliant standards": [
        "TCO Displays 5.2, CEL",
        "TCO Displays 5.2, CEL"
    ],
    "connectivity": "Interfaces 2 x USB 2.0 downstream \u00a6 USB 2.0 upstream \u00a6 VGA \u00a6 DVI-D ( HDCP )",
    "contrast ratio": [
        "1000:1 / 2000000:1 (dynamic)",
        "1000:1 / 2000000:1 (dynamic)"
    ],
    "device type": "LED-backlit LCD monitor - 19\"",
    "diagonal size": "19\"",
    "dimensions  weight": "Dimensions & Weight Details With stand - width: 17.5 in - depth: 7.2 in - height: 14.1 in - weight: 10.5 lbs \u00a6 Without stand - width: 17.5 in - depth: 2.3 in - height: 11.4 in - weight: 5.6 lbs",
    "dimensions  weight details": "With stand - width: 17.5 in - depth: 7.2 in - height: 14.1 in - weight: 10.5 lbs \u00a6 Without stand - width: 17.5 in - depth: 2.3 in - height: 11.4 in - weight: 5.6 lbs",
    "dimensions wxdxh": [
        "17.5 in x 2.3 in x 11.4 in - without stand",
        "17.5 in x 2.3 in x 11.4 in - without stand"
    ],
    "display position adjustments": [
        "Height, pivot (rotation), swivel, tilt",
        "Height, pivot (rotation), swivel, tilt"
    ],
    "display type": "LED-backlit LCD monitor / TFT active matrix",
    "energy star qualified": "Yes",
    "environmental parameters": "Min Operating Temperature 32 \u00b0F\nHumidity Range Operating 10 - 80% (non-condensing)\nMax Operating Temperature 104 \u00b0F",
    "environmental standards": [
        "EPEAT Compliant EPEAT Gold\nENERGY STAR Qualified Yes",
        "ENERGY STAR Qualified , EPEAT Gold"
    ],
    "epeat compliant": "EPEAT Gold",
    "features": [
        "83% color gamut, HDCP, stand lock",
        "Security lock slot (cable lock sold separately)"
    ],
    "flat panel mount interface": "100 x 100 mm",
    "general": "Weight 5.6 lbs\nFeatures 83% color gamut, HDCP, stand lock\nDisplay Type LED-backlit LCD monitor / TFT active matrix\nColor Support 16.7 million colors\nDimensions (WxDxH) 17.5 in x 2.3 in x 11.4 in - without stand\nNative Resolution 1440 x 900 at 60 Hz\nPanel Type TN\nScreen Coating Anti-glare, 3H Hard Coating\nBacklight Technology LED backlight\nContrast Ratio 1000:1 / 2000000:1 (dynamic)\nVertical Viewing Angle 160\nHorizontal Viewing Angle 170\nDiagonal Size 19\"\nViewable Size 19\"\nPixel Pitch 0.248 mm\nAspect Ratio Widescreen - 16:10\nBundled with 3-Years Advanced Exchange Service and Premium Panel Guarantee\nResponse Time 5 ms\nBrightness 250 cd/m2",
    "height adjustment": "5.1 in",
    "horizontal viewing angle": "170",
    "humidity range operating": "10 - 80% (non-condensing)",
    "included accessories": "Stand",
    "included software": "Drivers & Utilities",
    "input connectors": "DVI-D, VGA, DisplayPort",
    "interfaces": "2 x USB 2.0 downstream \u00a6 USB 2.0 upstream \u00a6 VGA \u00a6 DVI-D ( HDCP )",
    "mainspecs": "Response Time 5 ms\nMicrosoft Certification Compatible with Windows 7\nEnvironmental Standards ENERGY STAR Qualified , EPEAT Gold\nAspect Ratio Widescreen - 16:10\nProduct Description Dell Professional P1913 - LED monitor - 19\" - with 3-Years Advanced Exchange Service and Premium Panel Guarantee\nColor Support 16.7 million colors\nDevice Type LED-backlit LCD monitor - 19\"\nCompliant Standards TCO Displays 5.2, CEL\nManufacturer Warranty 3 years warranty\nWeight 5.6 lbs\nDimensions (WxDxH) 17.5 in x 2.3 in x 11.4 in - without stand\nNative Resolution 1440 x 900 at 60 Hz\nBundled with 3-Years Advanced Exchange Service and Premium Panel Guarantee\nDisplay Position Adjustments Height, pivot (rotation), swivel, tilt\nPanel Type TN\nContrast Ratio 1000:1 / 2000000:1 (dynamic)\nInput Connectors DVI-D, VGA, DisplayPort\nScreen Coating Anti-glare, 3H Hard Coating\nBrightness 250 cd/m2\nPixel Pitch 0.248 mm",
    "manufacturer warranty": [
        "Service & Support 3 years warranty\nService & Support Details Limited warranty - 3 years",
        "3 years warranty"
    ],
    "max operating temperature": "104 \u00b0F",
    "mechanical": "Flat Panel Mount Interface 100 x 100 mm\nRotation Angle 90\nHeight Adjustment 5.1 in\nDisplay Position Adjustments Height, pivot (rotation), swivel, tilt",
    "microsoft certification": "Compatible with Windows 7",
    "min operating temperature": "32 \u00b0F",
    "miscellaneous": "Included Accessories Stand\nCables Included 1 x VGA cable \u00a6 1 x DVI cable \u00a6 1 x USB cable\nCompatible with Windows 7 \"Compatible with Windows 7\" software and devices carry Microsoft\u2019s assurance that these products have passed tests for compatibility and reliability with 32-bit and 64-bit Windows 7.\nFeatures Security lock slot (cable lock sold separately)\nCompliant Standards TCO Displays 5.2, CEL",
    "native resolution": [
        "1440 x 900 at 60 Hz",
        "1440 x 900 at 60 Hz"
    ],
    "panel type": [
        "TN",
        "TN"
    ],
    "pixel pitch": [
        "0.248 mm",
        "0.248 mm"
    ],
    "power": "Power Supply Internal\nPower Consumption Operational 17 Watt\nVoltage Required AC 120/230 V ( 50/60 Hz )\nPower Consumption Stand by / Sleep 0.3 Watt",
    "power consumption operational": "17 Watt",
    "power consumption stand by  sleep": "0.3 Watt",
    "power supply": "Internal",
    "product description": "Dell Professional P1913 - LED monitor - 19\" - with 3-Years Advanced Exchange Service and Premium Panel Guarantee",
    "response time": [
        "5 ms",
        "5 ms"
    ],
    "rotation angle": "90",
    "screen coating": [
        "Anti-glare, 3H Hard Coating",
        "Anti-glare, 3H Hard Coating"
    ],
    "service  support": "3 years warranty",
    "service  support details": "Limited warranty - 3 years",
    "software  system requirements": "Included Software Drivers & Utilities",
    "vertical viewing angle": "160",
    "viewable size": "19\"",
    "voltage required": "AC 120/230 V ( 50/60 Hz )",
    "weight": [
        "5.6 lbs",
        "5.6 lbs"
    ]
}