{
    "<page title>": "Compare prices for BenQ GL2460HM monitor, BenQ GL 2460HM reviews - ShopMania",
    "aspect ratio": "16:9",
    "backlight technology": "LED",
    "brand": "BenQ",
    "brightness": "250",
    "category": [
        "Monitors",
        "Monitors"
    ],
    "color depth": "16.7",
    "color gamut": "72%",
    "connectors": "Audio / DVI / HDMI / VGA / 3.5mm Jack",
    "contrast ratio": "1000:1",
    "depth": "194 mm",
    "diagonal size": "24 inch (more than 74%)",
    "display type": "LED",
    "dot pitch": "0 mm",
    "dynamic contrast ratio": "12000000:1 (more than 81%)",
    "ean": "0840046028220, 4718755045295",
    "energy star compliant": "Yes",
    "features": "Eco-Mode / HDCP",
    "hdmi ports": "1",
    "height": "33.30 cm",
    "number of speakers": "2",
    "panel technology": "TN",
    "power consumption operational": "23 W (less than 84%)",
    "power consumption stand by": "0.3 W (less than 90%)",
    "product name": [
        "BenQ GL2460HM",
        "BenQ GL2460HM"
    ],
    "product rating": [
        "0 out of 5",
        "0 out of 5"
    ],
    "resolution": "1920x1080 (more than 61%)",
    "response time": "2 ms (less than 89%)",
    "speakers power": "1 W",
    "stand": "Yes",
    "swivel": "Yes",
    "synchronization range  horizontal": "83",
    "touchscreen": "Yes",
    "tv tuner": "Yes",
    "upc": "840046028220",
    "user controls": "Brightness / Contrast",
    "user reviews": [
        "Write a review",
        "Write a review"
    ],
    "viewing angle": "170/160",
    "weight": "8.82 lb",
    "width": "43.40 cm"
}