{
    "<page title>": "Compare prices for Dell P2314T monitor, Dell P 2314T reviews - ShopMania",
    "aspect ratio": "16:9",
    "backlight technology": "LED",
    "brand": "Dell",
    "brightness": "270",
    "category": "Monitors",
    "color depth": "16.7",
    "connectors": "Audio / DisplayPort / HDMI / MHL / USB / VGA",
    "contrast ratio": "1000:1",
    "depth": "42.2 mm",
    "diagonal size": "23 inch (more than 64%)",
    "display type": "LED",
    "dot pitch": "0 mm",
    "dynamic contrast ratio": "8000000:1 (more than 74%)",
    "ean": "0884116127413, 5397063348015",
    "energy star compliant": "Yes",
    "hdmi ports": "1",
    "height": "34.81 cm",
    "lowest recommended price": "$299 - Microsoft Store Show all prices \u00bb",
    "panel technology": "IPS",
    "power consumption operational": "17 W (less than 97%)",
    "power consumption stand by": "0.5 W (less than 78%)",
    "product name": "Dell P2314T",
    "product rating": "0 out of 5",
    "resolution": "1920x1080 (more than 61%)",
    "response time": "8 ms",
    "security lock slot": "Yes",
    "touchscreen": "Yes",
    "upc": "884116127413",
    "usb ports": "2",
    "user controls": "Tilt",
    "user reviews": "Write a review",
    "viewing angle": "178/178",
    "weight": "10.58 lb",
    "width": "56.99 cm"
}