{
    "<page title>": "Compare prices for Asus VS248H monitor, Asus VS 248H reviews - ShopMania",
    "aspect ratio": "16:9",
    "backlight technology": "LED",
    "brand": "Asus",
    "brightness": "250",
    "cables included": "DVI / VGA",
    "category": [
        "Monitors",
        "Monitors"
    ],
    "color depth": "16.7",
    "connectors": "Audio / DVI / HDMI / VGA / 3.5mm Jack",
    "contrast ratio": "1000:1",
    "depth": "206 mm",
    "diagonal size": "24 inch (more than 74%)",
    "display type": "LED",
    "dot pitch": "0 mm",
    "dynamic contrast ratio": "50000000:1 (more than 94%)",
    "ean": "4719543390153, 0610839367924, 0610839390151",
    "energy star compliant": "Yes",
    "features": "Asus Smart Contrast Ratio / Asus Splendid / HD Ready / HDCP / Skin-Tone Selection",
    "hdmi ports": "1",
    "height": "41.20 cm",
    "panel technology": "TN",
    "power consumption operational": "32 W (less than 64%)",
    "power consumption stand by": "0.5 W (less than 78%)",
    "product name": [
        "Asus VS248H",
        "Asus VS248H"
    ],
    "product rating": [
        "0 out of 5",
        "0 out of 5"
    ],
    "resolution": "1920x1080 (more than 61%)",
    "response time": "2 ms (less than 89%)",
    "synchronization range  horizontal": "83",
    "synchronization range  vertical": "76",
    "upc": "610839367924, 610839390151",
    "user controls": "Brightness / Contrast / Tilt",
    "user reviews": [
        "Write a review",
        "Write a review"
    ],
    "viewing angle": "170/160",
    "weight": "8.82 lb",
    "width": "57.30 cm"
}