{
    "<page title>": "Compare prices for BenQ EW2440L monitor, BenQ EW 2440L reviews - ShopMania",
    "aspect ratio": "16:9",
    "backlight technology": "LED",
    "brand": "BenQ",
    "brightness": "250",
    "category": [
        "Monitors",
        "Monitors"
    ],
    "color depth": "16.7",
    "color gamut": "72%",
    "connectors": "Audio / HDMI / MHL / VGA",
    "contrast ratio": "3000:1 (more than 88%)",
    "depth": "191.32 cm",
    "diagonal size": "24 inch (more than 74%)",
    "display type": "LED",
    "dot pitch": "0 mm",
    "dynamic contrast ratio": "20000000:1 (more than 85%)",
    "ean": "4718755046933",
    "features": "HDCP",
    "hdmi ports": "2",
    "height": "54.57 cm",
    "panel technology": "VA",
    "power consumption operational": "42 W",
    "product name": [
        "BenQ EW2440L",
        "BenQ EW2440L"
    ],
    "product rating": [
        "0 out of 5",
        "0 out of 5"
    ],
    "resolution": "1920x1080 (more than 61%)",
    "response time": "4 ms (less than 87%)",
    "speakers power": "4 W",
    "swivel": "Yes",
    "tv tuner": "Yes",
    "user controls": "Brightness / Contrast",
    "user reviews": [
        "Write a review",
        "Write a review"
    ],
    "viewing angle": "178/178",
    "weight": "8.16 lb",
    "width": "421.60 cm"
}