{
    "<page title>": "3m Microtouch M1700ss 17\" Lcd Touchscreen Monitor - 9 Ms - Capacitive - 1280 X 1024 - 16.2 Million Colors - 800:1 - 300 Cd/m\u00c2\u00b2 - Dvi - Vga - Black - 3 Year - (11-91378-227) - SoftwareCity.ca - Canada",
    "brand name": "3M",
    "brightness": "300 cd/m\u00c2\u00b2",
    "color": "Black",
    "color supported": "16.2 Million Colors",
    "contrast ratio": "800:1",
    "depth": "9.7\" (247 mm)",
    "dvi": "Yes",
    "green compliance certificateauthority": "RoHS",
    "green compliant": "Yes",
    "height": "16.3\" (413.3 mm)",
    "horizontal viewing angle": "160\u00c2\u00b0",
    "input voltage": "12 V DC",
    "limited warranty": "3 Year",
    "manufacturer": "3M",
    "manufacturer part number": "11-91378-227",
    "manufacturer website address": "http://www.3m.com",
    "maximum resolution": "1280 x 1024",
    "mount type": "Wall Mountable",
    "package contents": "MicroTouch M1700SS Touchscreen LCD MonitorVideo CableTouch CablePower Supply",
    "product line": "MicroTouch",
    "product model": "M1700SS",
    "product name": "MicroTouch M1700SS Touchscreen LCD Monitor",
    "product type": "LCD Touchscreen Monitor",
    "response time": "9 ms",
    "screen mode": "SXGA",
    "screen size": "17\"",
    "touchscreen": "Yes",
    "touchscreen type": "Capacitive",
    "vertical viewing angle": "160\u00c2\u00b0",
    "vga": "Yes",
    "weight approximate": "8.60 kg",
    "width": "15.9\" (405 mm)"
}