{
    "<page title>": "Hp Business E241i 24\" Led Lcd Monitor - 16:10 - 8 Ms - Adjustable Display Angle - 1920 X 1200 - 250 Cd/m\u00c2\u00b2 - 5,000,000:1 - Wuxga - Dvi - Vga - Displayport - Usb - 40 W - Silver - Energy Star, Tco Certified Displays, Epeat Gold, Reach - (F0W81A8#ABA) - SoftwareCity.ca - Canada",
    "adjustable display angle": "Yes",
    "adjustable display height": "Yes",
    "adjustable display pivot": "Yes",
    "aspect ratio": "16:10",
    "backlight technology": "LED",
    "brand name": "HP",
    "brightness": "250 cd/m\u00c2\u00b2",
    "builtin devices": "USB Hub",
    "color": "Silver",
    "contrast ratio": "5,000,000:1",
    "depth": "2.2\" (55 mm)",
    "depth with stand": "10.9\" (276.2 mm)",
    "displayport": "Yes",
    "dvi": "Yes",
    "features": "Security Lock",
    "green compliance certificateauthority": "ENERGY STAR, TCO Certified Displays, EPEAT Gold, REACH",
    "green compliant": "Yes",
    "hdcp supported": "Yes",
    "height": "14.3\" (362.6 mm)",
    "height with stand": "20.3\" (516.6 mm)",
    "horizontal frequency": "80 kHz",
    "horizontal viewing angle": "178\u00c2\u00b0",
    "input voltage": "110 V AC, 220 V AC",
    "limited warranty": "3 Year",
    "manufacturer": "Hewlett-Packard",
    "manufacturer part number": "F0W81A8#ABA",
    "manufacturer website address": "http://www.hp.com/ca",
    "maximum resolution": "1920 x 1200",
    "mount type": "Wall Mountable",
    "number of screens": "1",
    "offmode power consumption": "500 mW",
    "operating power consumption": "40 W",
    "panel technology": "In-plane Switching (IPS) Technology",
    "platform supported": "PC",
    "product line": "Business",
    "product model": "E241i",
    "product name": "Business E241i Widescreen LCD Monitor",
    "product type": "LCD Monitor",
    "response time": "8 ms",
    "screen mode": "WUXGA",
    "screen size": "24\"",
    "screen surface": "Anti-glare",
    "standard refresh rate": "60 Hz",
    "standby power consumption": "35 W",
    "swivel angle": "180\u00c2\u00b0",
    "tilt angle": "-5\u00c2\u00b0to30\u00c2\u00b0",
    "usb": "Yes",
    "usb standard": "USB 2.0",
    "vertical viewing angle": "178\u00c2\u00b0",
    "vga": "Yes",
    "weight with stand approximate": "4.11 kg",
    "width": "21.9\" (556 mm)",
    "width with stand": "2.2\" (55.6 mm)"
}