{
    "<page title>": "Samsung S24c450dl 23.6\" Led Lcd Monitor - 16:9 - 5 Ms - Adjustable Display Angle - 1920 X 1080 - 16.7 Million Colors - 250 Nit - 1,000:1 - Full Hd - Dvi - Vga - Displayport - 19 W - Matte Black - Epeat Gold, Energy Star 6.0, Tco '03, Rohs - (LS24C45KDLV/ZC) - SoftwareCity.ca - Canada",
    "adjustable display angle": "Yes",
    "adjustable display height": "Yes",
    "adjustable display pivot": "Yes",
    "aspect ratio": "16:9",
    "backlight technology": "LED",
    "brand name": "Samsung",
    "brightness": "250 cd/m\u00c2\u00b2",
    "color": "Matte Black",
    "color supported": "16.7 Million Colors",
    "contrast ratio": "1,000:1",
    "depth": "2.2\" (55.9 mm)",
    "depth with stand": "8.8\" (223.5 mm)",
    "displayport": "Yes",
    "dvi": "Yes",
    "features": "MagicBright3, MagicAngle, Eco Saving, Off Timer, MultiScreen, MagicTune, MagicRotation",
    "green compliance certificateauthority": "EPEAT Gold, ENERGY STAR 6.0, TCO '03, RoHS",
    "green compliant": "Yes",
    "height": "13\" (330.2 mm)",
    "height with stand": "19\" (482.6 mm)",
    "horizontal viewing angle": "170\u00c2\u00b0",
    "input voltage": "110 V AC, 220 V AC",
    "limited warranty": "3 Year",
    "manufacturer": "Samsung",
    "manufacturer part number": "LS24C45KDLV/ZC",
    "manufacturer website address": "http://www.samsung.ca",
    "maximum resolution": "1920 x 1080",
    "mount type": "Arm-mountable, Wall Mountable",
    "number of screens": "1",
    "operating power consumption": "19 W",
    "package contents": "23.6\" SC450 Series LED MonitorE-manualInstall CDQuick Setup GuideVGA CableDVI CablePower Cable",
    "platform supported": "PC, Mac",
    "product model": "S24C450DL",
    "product name": "23.6\" SC450 Series LED Monitor",
    "product series": "450",
    "product type": "LCD Monitor",
    "response time": "5 ms",
    "screen mode": "Full HD",
    "screen size": "23.6\"",
    "standby power consumption": "100 mW",
    "vertical viewing angle": "160\u00c2\u00b0",
    "vesa mount compatible": "Yes",
    "vesa mount standard": "100 x 100",
    "vga": "Yes",
    "weight approximate": "3.76 kg",
    "weight with stand approximate": "5.40 kg",
    "width": "21.8\" (553.7 mm)",
    "width with stand": "21.8\" (553.7 mm)"
}