{
    "<page title>": "Benq Ew2440l 24\" Lcd Monitor - 16:9 - 4 Ms - Adjustable Display Angle - 1920 X 1080 - 16.7 Million Colors - 300 Nit - 20,000,000:1 - Full Hd - Hdmi - Vga - Black - (EW2440L) - SoftwareCity.ca - Canada",
    "adjustable display angle": "Yes",
    "aspect ratio": "16:9",
    "brand name": "BenQ",
    "brightness": "300 cd/m\u00c2\u00b2",
    "color": "Black",
    "color supported": "16.7 Million Colors",
    "contrast ratio": "20,000,000:1",
    "depth": "7.5\" (191.3 mm)",
    "features": "Mobile High-Definition Link (MHL), Senseye 3, Advanced Motion Accelerator (AMA), Security Lock",
    "hdcp supported": "Yes",
    "hdmi": "Yes",
    "height": "16.6\" (421.6 mm)",
    "horizontal viewing angle": "178\u00c2\u00b0",
    "input voltage": "110 V AC, 220 V AC",
    "limited warranty": "3 Year",
    "manufacturer": "BenQ Corporation",
    "manufacturer part number": "EW2440L",
    "manufacturer website address": "http://www.benq.ca",
    "maximum resolution": "1920 x 1080",
    "number of screens": "1",
    "packaged quantity": "1",
    "panel technology": "Vertical Alignment (VA)",
    "platform supported": "PC",
    "product model": "EW2440L",
    "product name": "EW2440L Widescreen LCD Monitor",
    "product series": "EW40",
    "product type": "LCD Monitor",
    "response time": "4 ms",
    "screen mode": "Full HD",
    "screen size": "24\"",
    "tilt angle": "-5\u00c2\u00b0to20\u00c2\u00b0",
    "vertical viewing angle": "178\u00c2\u00b0",
    "vga": "Yes",
    "weight approximate": "3.74 kg",
    "width": "21.5\" (545.7 mm)"
}