{
    "<page title>": "Philips Brilliance C240p4qpyew 24\" Led Lcd Monitor - 16:10 - 14 Ms - Adjustable Display Angle - 1920 X 1200 - 16.7 Million Colors - 300 Nit - 1,000:1 - Wuxga - Speakers - Dvi - Vga - Displayport - Usb - 17.40 W - White - Tco Certified Displays 6.0, Epeat Gold, Energy Star 6.0, Rohs, Weee - (C240P4QPYEW/27) - SoftwareCity.ca - Canada",
    "adjustable display angle": "Yes",
    "adjustable display height": "Yes",
    "adjustable display pivot": "Yes",
    "aspect ratio": "16:10",
    "backlight technology": "LED",
    "brand name": "Philips",
    "brightness": "300 cd/m\u00c2\u00b2",
    "builtin devices": "USB Hub, Speaker",
    "certifications  standards": "IEC/EN60601-1-2 NEMA CE GOST JIS Z2801 TUV/GS IEC/EN60601-1 TUV Ergo",
    "color": "White",
    "color supported": "16.7 Million Colors",
    "contrast ratio": "1,000:1",
    "depth": "2.6\" (65 mm)",
    "depth with stand": "9.6\" (244 mm)",
    "displayport": "Yes",
    "dvi": "Yes",
    "features": "Sync on Green, SmartControl, Security Lock, SmartErgoBase, PowerSensor, Cable Management, SmartImage",
    "green compliance certificateauthority": "TCO Certified Displays 6.0, EPEAT Gold, ENERGY STAR 6.0, RoHS, WEEE",
    "green compliant": "Yes",
    "hdcp supported": "Yes",
    "headphone": "Yes",
    "height": "15.3\" (388 mm)",
    "height with stand": "21.7\" (550 mm)",
    "horizontal viewing angle": "178\u00c2\u00b0",
    "input voltage": "110 V AC, 220 V AC",
    "manufacturer": "Philips Electronics",
    "manufacturer part number": "C240P4QPYEW/27",
    "manufacturer website address": "http://www.philips.com",
    "maximum resolution": "1920 x 1200",
    "number of screens": "1",
    "number of speakers": "2",
    "offmode power consumption": "0 mW",
    "operating power consumption": "17.40 W",
    "panel technology": "In-plane Switching (IPS) Technology",
    "platform supported": "PC, Mac",
    "product line": "Brilliance",
    "product model": "C240P4QPYEW",
    "product name": "LCD Monitor with Clinical D-image",
    "product type": "LCD Monitor",
    "response time": "14 ms",
    "screen mode": "WUXGA",
    "screen size": "24\"",
    "speakers": "Yes",
    "standard refresh rate": "60 Hz",
    "standby power consumption": "400 mW",
    "usb": "Yes",
    "usb standard": "USB 2.0",
    "vertical viewing angle": "178\u00c2\u00b0",
    "vesa mount compatible": "Yes",
    "vesa mount standard": "100 x 100",
    "vga": "Yes",
    "weight approximate": "4.64 kg",
    "weight with stand approximate": "6.97 kg",
    "width": "21.9\" (555 mm)",
    "width with stand": "21.9\" (555 mm)"
}