{
    "<page title>": "Philips Brilliance 298p4qjeb 29\" Led Lcd Monitor - 21:9 - 14 Ms - Adjustable Display Angle - 2560 X 1080 - 16.7 Million Colors - 300 Cd/m\u00c2\u00b2 - 1,000:1 - Qhd - Dvi - Hdmi - Displayport - Usb - 38.50 W - Textured Black - Weee, Rohs, Tco '06, Energy Star 6.0, Epeat Gold - (298P4QJEB/27) - SoftwareCity.ca - Canada",
    "adjustable display angle": "Yes",
    "adjustable display height": "Yes",
    "adjustable display pivot": "Yes",
    "aspect ratio": "21:9",
    "backlight technology": "LED",
    "brand name": "Philips",
    "brightness": "300 cd/m\u00c2\u00b2",
    "builtin devices": "Speaker, USB Hub",
    "certifications  standards": "BSMI CE Mark FCC Class B TUV Ergo GOST SASO SEMKO TUV/GS UL/cUL",
    "color": "Textured Black",
    "color supported": "16.7 Million Colors",
    "contrast ratio": "1,000:1",
    "depth": "2.3\" (59 mm)",
    "depth with stand": "10.7\" (273 mm)",
    "displayport": "Yes",
    "dvi": "Yes",
    "features": "SmartErgoBase, Multiview, Security Lock, Picture in Picture",
    "green compliance certificateauthority": "WEEE, RoHS, TCO '06, ENERGY STAR 6.0, EPEAT Gold",
    "green compliant": "Yes",
    "hdcp supported": "Yes",
    "hdmi": "Yes",
    "headphone": "Yes",
    "height": "13\" (330 mm)",
    "height with stand": "21.2\" (538 mm)",
    "horizontal viewing angle": "178\u00c2\u00b0",
    "input voltage": "110 V AC, 220 V AC",
    "manufacturer": "Philips Electronics",
    "manufacturer part number": "298P4QJEB/27",
    "manufacturer website address": "http://www.philips.com",
    "maximum resolution": "2560 x 1080",
    "number of screens": "1",
    "number of speakers": "2",
    "operating power consumption": "38.50 W",
    "panel technology": "Advanced High Performance In-plane Switching (AH-IPS) Technology",
    "platform supported": "PC, Mac",
    "postconsumerwaste": "65%",
    "product line": "Brilliance",
    "product model": "298P4QJEB",
    "product name": "Brilliance LCD Monitor with MultiView",
    "product type": "LCD Monitor",
    "recycled content": "Plastic",
    "response time": "14 ms",
    "screen mode": "QHD",
    "screen size": "29\"",
    "standard refresh rate": "60 Hz",
    "standby power consumption": "300 mW",
    "usb": "Yes",
    "usb standard": "USB 3.0",
    "vertical viewing angle": "178\u00c2\u00b0",
    "vesa mount compatible": "Yes",
    "vesa mount standard": "100 x 100",
    "weight approximate": "5.67 kg",
    "weight with stand approximate": "8.46 kg",
    "width": "27.6\" (700 mm)",
    "width with stand": "27.6\" (700 mm)"
}