{
    "<page title>": "3m Microtouch M150 High Brightness Touch Screen Monitor - 15\" - Capacitive - Black - (11-81375-227) - SoftwareCity.ca - Canada",
    "brand name": "3M",
    "brightness": "500 cd/m\u00c2\u00b2",
    "color": "Black",
    "color supported": "16.7 Million Colors (24-bit)",
    "contrast ratio": "500:1",
    "depth with stand": "10.2\" (259.1 mm)",
    "height with stand": "15.7\" (398.8 mm)",
    "input voltage": "12 V DC",
    "limited warranty": "3 Year",
    "manufacturer": "3M",
    "manufacturer part number": "11-81375-227",
    "manufacturer website address": "http://www.3m.com",
    "maximum resolution": "1024 x 768",
    "platform supported": "PC",
    "product line": "MicroTouch",
    "product model": "M150",
    "product name": "MicroTouch M150 High Brightness Touch Screen Monitor",
    "product type": "LCD Touchscreen Monitor",
    "response time": "25 ms",
    "screen mode": "XGA",
    "screen size": "15\"",
    "touchscreen": "Yes",
    "touchscreen type": "Capacitive",
    "vga": "Yes",
    "weight approximate": "7.40 kg",
    "width with stand": "16.1\" (408.9 mm)"
}