{
    "<page title>": "Buy ELO Touch Solutions 19\" 1919L Desktop Touchmonitor AccuTouch USB Monitors - LCD E760102 today at PC Connection",
    "actual weight": "0.00 lb(s)",
    "color": "Black",
    "compliant standards": [
        "NOM",
        "CUL",
        "CB",
        "RoHS",
        "S Mark",
        "WEEE"
    ],
    "display position adjustments": [
        "Pivot (rotation)",
        "Tilt"
    ],
    "display size": "19 in",
    "image brightness": "200 cd/m2",
    "returns policy": "This product is subject to our return policy. Please see our complete return policy for details.",
    "warranty  labor": "3 Years",
    "warranty  parts": "3 Years"
}