{
    "<page title>": "Buy AOC 23\" I2367FH Ful HD LED-LCD Monitor, Black Monitors - LED-LCD I2367FH today at PC Connection",
    "brightness nitscdm2": "250 cd/m2",
    "color": [
        "Silver",
        "Black"
    ],
    "compliant standards": [
        "EuP",
        "BSMI",
        "VCCI",
        "CB",
        "KCC",
        "C-Tick",
        "ISO 9241-307",
        "CEL",
        "MPRII",
        "E-Standby",
        "EPA",
        "FCC",
        "J-MOSS",
        "PSE Mark",
        "GOST",
        "CCC",
        "TUV GS",
        "KC",
        "REACH",
        "DDC-2B",
        "DDC-2B/CI",
        "TCO Displays 6.0",
        "CTUVus"
    ],
    "display position adjustments": "Tilt",
    "display size": "23 in",
    "dot pitch": "0.2652 mm",
    "image brightness": "250 cd/m2",
    "returns policy": "This product is subject to our return policy. Please see our complete return policy for details.",
    "warranty  labor": "Call for Warranty",
    "warranty  parts": "Call for Warranty"
}