{
    "<page title>": "Buy Lenovo 24\" LT2423 Full HD LED-LCD Monitor Monitors - LED-LCD 60A8KAR2US today at PC Connection",
    "actual weight": "8.30 lb(s)",
    "attributes": [
        "Dual speakers",
        "Speakers Included"
    ],
    "brightness nitscdm2": "250 cd/m2",
    "color": "Black",
    "color support": "16.7 million colors",
    "compatibility notes": "Two 3W stereo speakers\nSupports Lenovo Tiny PC and 3rd party thin client via VESA mount\nArsenic free / Pb free / Mercury free\nEnergy Star 6.0, EPEAT Gold, ULE Gold, TCO Displays 6.0, TCO Edge 1.2, TUV Green Mark, RoHs, 85% PCC plastic resins, China Energy Label Tier 1",
    "compliant standards": [
        "Energy Star 6.0",
        "RoHS",
        "TUV",
        "TCO Displays 6.0",
        "EPEAT Gold"
    ],
    "connector": [
        "Power",
        "HDDB15",
        "HDMI"
    ],
    "connector type": [
        "HDMI",
        "VGA",
        "Power"
    ],
    "contents": "monitor, stand and base, VGA cable, audio cable, power cord, CD, documentation",
    "contrast ratio": "1000:1",
    "display position adjustments": "Tilt",
    "display size": "24 in",
    "display technology": [
        "LED-backlit",
        "LCD"
    ],
    "display type": "Widescreen",
    "dot pitch": "0.27 mm",
    "energy star qualified": "Yes",
    "energy star version": "6.0",
    "image brightness": "250 cd/m2",
    "internal resolution max": "1920 x 1080",
    "physical dimensions": "13.5\"h x 22.3\"w x 2\"d",
    "portsconnectors": "(1) HDDB15 VGA\n(1) HDMI\n(1) Power in",
    "response timerate": "5 ms",
    "returns policy": "This product is subject to our return policy. Please see our complete return policy for details.",
    "warranty  labor": "3 Years",
    "warranty  parts": "3 Years"
}