{
    "<page title>": "VA2349S, B921502, ViewSonic, LCD Monitor, Itenergy Ltd",
    "adjustable display angle": "Yes",
    "aspect ratio": "16:9",
    "backlight technology": "LED",
    "brand name": "Viewsonic",
    "brightness": "250 cd/m\u00c2\u00b2",
    "certifications  standards": "CE CB CU serves UkrSEPRO + DoC",
    "contrast ratio": "2,000:1",
    "depth": "49.9 mm",
    "depth with stand": "213.50 mm",
    "dvi": "Yes",
    "features": [
        "Security Lock",
        "Eco Mode"
    ],
    "green compliance certificateauthority": [
        "ENERGY STAR",
        "RoHS",
        "WEEE",
        "REACH",
        "ErP",
        "EPEAT Silver"
    ],
    "green compliant": "Yes",
    "height": "339 mm",
    "height with stand": "395.10 mm",
    "horizontal frequency": "82 kHz",
    "horizontal viewing angle": "178\u00c2\u00b0",
    "input voltage": [
        "220 V AC",
        "110 V AC"
    ],
    "limited warranty": "2 Year",
    "manufacturer": "Viewsonic Corporation",
    "manufacturer part number": "VA2349S",
    "maximum resolution": "1920 x 1080",
    "mount type": "Wall Mountable",
    "number of screens": "1",
    "operating power consumption": "22 W",
    "package contents": "VA2349s Widescreen LCD Monitor Power cable D-Sub cable Quick start guide CD-ROM",
    "panel technology": "In-plane Switching (IPS) Technology",
    "platform supported": "PC",
    "product model": "VA2349s",
    "product name": "VA2349s Widescreen LCD Monitor",
    "product type": "LCD Monitor",
    "response time": "5 ms",
    "screen mode": "Full HD",
    "screen size": "58.4 cm (23\")",
    "screen surface": "Anti-glare",
    "standard refresh rate": "75 Hz",
    "vertical viewing angle": "178\u00c2\u00b0",
    "vesa mount compatible": "Yes",
    "vesa mount standard": "100 x 100",
    "vga": "Yes",
    "weight approximate": "3.50 kg",
    "weight with stand approximate": "3.90 kg",
    "width": "548.4 mm",
    "width with stand": "548.40 mm"
}