{
    "<page title>": "278C4QHSN/00, Philips, LCD Monitor, Itenergy Ltd",
    "adjustable display angle": "Yes",
    "aspect ratio": "16:9",
    "backlight technology": "LED",
    "brand name": "Philips",
    "brightness": "250 cd/m\u00c2\u00b2",
    "certifications  standards": "BSMICEFCC Class BGOSTSASOSEMKOTUV/ISO9241-307UL/cUL",
    "colour support": "16.7 Million Colours",
    "contrast ratio": "1,000:1",
    "depth": "44 mm",
    "depth with stand": "197 mm",
    "features": [
        "SmartTxt",
        "SmartKolor",
        "SmartImage",
        "Security Lock",
        "Ambiglow"
    ],
    "green compliance certificateauthority": [
        "ENERGY STAR 5.0",
        "EPEAT Silver",
        "TCO Certified Displays 5.2",
        "RoHS",
        "WEEE"
    ],
    "green compliant": "Yes",
    "hdmi": "Yes",
    "height": "376 mm",
    "height with stand": "471 mm",
    "horizontal viewing angle": "178\u00c2\u00b0",
    "input voltage": [
        "110 V AC",
        "220 V AC"
    ],
    "manufacturer": "Philips Electronics",
    "manufacturer part number": "278C4QHSN/00",
    "maximum resolution": "1920 x 1080",
    "number of screens": "1",
    "offmode power consumption": "300 mW",
    "operating power consumption": "28.20 W",
    "panel technology": "In-plane Switching (IPS) Technology",
    "platform supported": [
        "PC",
        "Mac"
    ],
    "product line": "Brilliance",
    "product model": "278C4QHSN",
    "product name": "Brilliance LCD Monitor with Ambiglow",
    "product type": "LCD Monitor",
    "response time": "7 ms",
    "screen mode": "Full HD",
    "screen size": "68.6 cm (27\")",
    "standard refresh rate": "60 Hz",
    "standby power consumption": "400 mW",
    "vertical viewing angle": "178\u00c2\u00b0",
    "vga": "Yes",
    "weight approximate": "5 kg",
    "weight with stand approximate": "5.44 kg",
    "width": "623 mm",
    "width with stand": "623 mm"
}