{
    "<page title>": "HE225DPB, V320087, Hannspree, LCD Monitor, Itenergy Ltd",
    "aspect ratio": "16:9",
    "backlight technology": "LED",
    "brand name": "Hanns.G",
    "brightness": "250 cd/m\u00c2\u00b2",
    "colour": "Black",
    "colour support": "16.7 Million Colours",
    "contrast ratio": "1,000:1",
    "depth": "185 mm",
    "dvi": "Yes",
    "hdcp supported": "Yes",
    "height": "367.4 mm",
    "horizontal viewing angle": "170\u00c2\u00b0",
    "manufacturer": "Hannspree, Inc",
    "manufacturer part number": "HE225DPB",
    "maximum resolution": "1920 x 1080",
    "number of screens": "1",
    "offmode power consumption": "500 mW",
    "operating power consumption": "24 W",
    "platform supported": "PC",
    "product model": "HE225DPB",
    "product name": "HE225DPB Widescreen LCD Monitor",
    "product series": "HE",
    "product type": "LCD Monitor",
    "response time": "5 ms",
    "screen mode": "Full HD",
    "screen size": "54.6 cm (21.5\")",
    "standby power consumption": "500 mW",
    "vertical viewing angle": "160\u00c2\u00b0",
    "vga": "Yes",
    "weight approximate": "3.12 kg",
    "width": "512.8 mm"
}