{
    "<page title>": "Qnix Qx2710 Led Evolution Ll Tempered Glass 27 27 Inch 2560x1440  - Yikus.com",
    "brand": ": QNIX",
    "category": ": MONITOR",
    "ean": ": 0887406002513",
    "feature": [
        ": 5W+5W Built-in Speaker / Space-efficiency Using Walls(100X100 VESA Holes)",
        ": 178 Wide Viewing Angle / LED Backlight / Bypass Board / Brightness 300 Cd/m\u00b2",
        ": Tempered Glass Screen / Piano-black High Glossy Slim Bezel / TILT Stand / Dual DVI-D",
        ": 2560\u00d71440 High Resolution WQHD Panel / 43W Low Power Consumption.",
        ": Beautiful Images With 50,000 Levels Contrast Ration / 6ms Respond Time"
    ],
    "group": ": PC Accessory",
    "label": ": QNIX",
    "manufacturer": ": QNIX",
    "model": ": QX2710 Tempered Glass",
    "order": ": Electronics",
    "publisher": ": QNIX",
    "quantity": ": 1",
    "reviews": [
        ": Beautiful images with 50,000 levels contrast ration / 6ms Respond time",
        ": 2560\u00d71440 High Resolution WQHD Panel / 43W Low power consumption.",
        ": 178 wide viewing angle / LED backlight / Bypass board / Brightness 300 cd/m\u00b2",
        ": Tempered Glass Screen / Piano-black high glossy slim bezel / TILT stand / Dual D"
    ],
    "studio": ": QNIX",
    "title": ": QNIX QX2710 LED Evolution Ll Tempered Glass 27\u2033 27 Inch 2560\u00d71440 Samsung PLS (LG IPS)PC Monitor",
    "upc": ": 887406002513"
}