{
    "<page title>": "Dell S2340m 293m3 Ips Led 23 Inch Screen Led Lit Monitor - Yikus.com",
    "aspectratio": ": 1.78:1",
    "brand": ": Dell",
    "category": ": MONITOR",
    "ean": ": 0884116096993",
    "feature": [
        ": Superb Performance: Images Come Alive With Color-boosting Image Enhance, Ultra-wide Viewing And Full HD Resolution (1920 X 1080 Max.) In A 16:9 Widescreen Format.",
        ": Versatile Connections: Easily Connect To Your Laptop Or Desktop With VGA And DVI-D (HDCP) Connectivity.",
        ": Contemporary Styling: Experience A Lifelike View With An Elegant, Virtually Borderless 23\u2033 Display Featuring An Almost-invisible Bezel."
    ],
    "group": ": Personal Computer",
    "label": ": Dell Computers",
    "manufacturer": ": Dell Computers",
    "model": ": 293M3",
    "mpn": ": 293M3",
    "order": ": Personal Computers",
    "part number": ": 293M3",
    "properties": [
        ": Contemporary styling: Experience a lifelike view with an elegant, virtually bord",
        ": Versatile connections: Easily connect to your laptop or desktop with VGA and DVI",
        ": Superb performance: Images come alive with color-boosting Image Enhance, ultra-w"
    ],
    "publisher": ": Dell Computers",
    "quantity": ": 1",
    "size": ": 23 Inches",
    "studio": ": Dell Computers",
    "title": ": Dell S2340M 293M3-IPS-LED 23-Inch Screen LED-lit Monitor",
    "total items": ": 1",
    "upc": ": 884116096993"
}