{
    "<page title>": "Asus Vw22at Csm 22 Inch Screen Monitor Price Reduced - Yikus.com",
    "aspectratio": ": Unknown",
    "binding": ": Personal Computers",
    "brand": ": Asus",
    "catalognumberlist": ":",
    "color": ": Black",
    "ean": ": 0886227152780",
    "eanlist": ":",
    "extra": [
        ": Aspect Control function allows users to select a preferred display mode among Full and 4:3 for true-to-life gaming or movie watching without any data loss or image distortion",
        ": The exclusive Splendid Video Intelligence Technology optimizes video performance and image fidelity by enhancing color, brightness, contrast, and sharpness. 6 preset video modes (Scenery, Theater, Game, Night View, SRGB and Standard) can be selected via a hotkey.",
        ": The ASUS-exclusive QuickFit built in the monitor provides real-size, photo, and grid mode on top of the operating windows on the screen. It can activated via a hotkey on monitor and used as a guide to accurately view and edit photos."
    ],
    "feature": [
        ": The ASUS-exclusive QuickFit built in the monitor provides real-size, photo, and grid mode on top of the operating windows on the screen. It can activated via a hotkey on monitor and used as a guide to accurately view and edit photos.",
        ": The exclusive Splendid Video Intelligence Technology optimizes video performance and image fidelity by enhancing color, brightness, contrast, and sharpness. 6 preset video modes (Scenery, Theater, Game, Night View, SRGB and Standard) can be selected via a hotkey.",
        ": Aspect Control function allows users to select a preferred display mode among Full and 4:3 for true-to-life gaming or movie watching without any data loss or image distortion"
    ],
    "isautographed": ": 0",
    "ismemorabilia": ": 0",
    "itemdimensions": ":",
    "label": ": Asus",
    "listprice": ":",
    "manufacturer": ": Asus",
    "model": ": VW22AT-CSM",
    "mpn": ": VW22AT-CSM",
    "numberofitems": ": 1",
    "packagedimensions": ":",
    "packagequantity": ": 1",
    "partnumber": ": VW22AT-CSM",
    "productgroup": ": Personal Computer",
    "producttypename": ": MONITOR",
    "publisher": ": Asus",
    "studio": ": Asus",
    "title": ": ASUS VW22AT-CSM 22-Inch Screen LCD Monitor",
    "upc": ": 886227152780",
    "upclist": ":"
}